data/raw/Class1_def/034_1.png,1,0,0,1,0.1565625,0.11939453125,0.29787322227329294,0.179765625,0.3883203125
data/raw/Class3_def/039_3.png,0,0,1,1,0.04220703125,0.0371875,0.8358169299238991,0.5387890625,0.12158203125
data/raw/Class2_norm/084_2.png,0,1,0,0,0.0,0.0,0.0,0.0,0.0
data/raw/Class3_def/072_3.png,0,0,1,1,0.07474609375,0.0200390625,0.5413802852038928,0.14310546875,0.56318359375
data/raw/Class1_def/098_1.png,1,0,0,1,0.15177734375,0.1421484375,0.5891267681314614,0.2096875,0.12384765625
data/raw/Class1_norm/044_1.png,1,0,0,0,0.0,0.0,0.0,0.0,0.0
data/raw/Class2_norm/032_2.png,0,1,0,0,0.0,0.0,0.0,0.0,0.0
data/raw/Class2_norm/100_2.png,0,1,0,0,0.0,0.0,0.0,0.0,0.0
data/raw/Class1_norm/140_1.png,1,0,0,0,0.0,0.0,0.0,0.0,0.0
data/raw/Class2_def/006_2.png,0,1,0,1,0.06072265625,0.026328125,0.42201407788497125,0.70703125,0.578125
data/raw/Class3_norm/142_3.png,0,0,1,0,0.0,0.0,0.0,0.0,0.0
data/raw/Class2_def/087_2.png,0,1,0,1,0.1440234375,0.019765625,0.40291548471394384,0.443359375,0.671875
data/raw/Class2_def/109_2.png,0,1,0,1,0.0573828125,0.018671875,0.39654928699026804,0.736328125,0.56640625
data/raw/Class1_def/095_1.png,1,0,0,1,0.110546875,0.05421875,0.5413802852038928,0.282109375,0.51296875
data/raw/Class1_norm/028_1.png,1,0,0,0,0.0,0.0,0.0,0.0,0.0
data/raw/Class1_def/099_1.png,1,0,0,1,0.07298828125,0.06474609375,0.4140563307303765,0.0754296875,0.66974609375
data/raw/Class2_def/057_2.png,0,1,0,1,0.0935546875,0.0327734375,0.5461549334966497,0.16796875,0.4453125
data/raw/Class2_norm/048_2.png,0,1,0,0,0.0,0.0,0.0,0.0,0.0
data/raw/Class2_def/042_2.png,0,1,0,1,0.0954296875,0.02140625,0.5795774715459476,0.78125,0.181640625
data/raw/Class3_def/077_3.png,0,0,1,1,0.11818359375,0.07775390625,0.49204225284540526,0.7257421875,0.5403125
data/raw/Class3_def/052_3.png,0,0,1,1,0.0781640625,0.03873046875,0.6607464925228143,0.769609375,0.29287109375
data/raw/Class3_norm/135_3.png,0,0,1,0,0.0,0.0,0.0,0.0,0.0
data/raw/Class2_norm/014_2.png,0,1,0,0,0.0,0.0,0.0,0.0,0.0
data/raw/Class3_norm/024_3.png,0,0,1,0,0.0,0.0,0.0,0.0,0.0
data/raw/Class3_norm/016_3.png,0,0,1,0,0.0,0.0,0.0,0.0,0.0
data/raw/Class3_norm/087_3.png,0,0,1,0,0.0,0.0,0.0,0.0,0.0
data/raw/Class1_norm/131_1.png,1,0,0,0,0.0,0.0,0.0,0.0,0.0
data/raw/Class3_norm/131_3.png,0,0,1,0,0.0,0.0,0.0,0.0,0.0
data/raw/Class1_norm/053_1.png,1,0,0,0,0.0,0.0,0.0,0.0,0.0
data/raw/Class2_def/012_2.png,0,1,0,1,0.10576171875,0.02978515625,0.4602112642270262,0.669921875,0.4453125
data/raw/Class2_def/003_2.png,0,1,0,1,0.139765625,0.023359375,0.6114084601643268,0.677734375,0.310546875
data/raw/Class2_norm/062_2.png,0,1,0,0,0.0,0.0,0.0,0.0,0.0
data/raw/Class1_def/036_1.png,1,0,0,1,0.18666015625,0.14390625,0.12280278487220803,0.20431640625,0.693046875
data/raw/Class2_norm/043_2.png,0,1,0,0,0.0,0.0,0.0,0.0,0.0
data/raw/Class2_norm/093_2.png,0,1,0,0,0.0,0.0,0.0,0.0,0.0
data/raw/Class3_def/048_3.png,0,0,1,1,0.14013671875,0.0448046875,0.47771830796713466,0.44107421875,0.6286328125
data/raw/Class1_norm/093_1.png,1,0,0,0,0.0,0.0,0.0,0.0,0.0
data/raw/Class3_def/022_3.png,0,0,1,1,0.06763671875,0.02994140625,0.5413802852038928,0.9114453125,0.2135546875
data/raw/Class1_norm/069_1.png,1,0,0,0,0.0,0.0,0.0,0.0,0.0
data/raw/Class3_norm/105_3.png,0,0,1,0,0.0,0.0,0.0,0.0,0.0
data/raw/Class2_norm/003_2.png,0,1,0,0,0.0,0.0,0.0,0.0,0.0
data/raw/Class3_def/042_3.png,0,0,1,1,0.06529296875,0.03771484375,0.5970845152860561,0.26337890625,0.273515625
data/raw/Class2_norm/039_2.png,0,1,0,0,0.0,0.0,0.0,0.0,0.0
data/raw/Class3_norm/078_3.png,0,0,1,0,0.0,0.0,0.0,0.0,0.0
data/raw/Class1_norm/086_1.png,1,0,0,0,0.0,0.0,0.0,0.0,0.0
data/raw/Class3_def/092_3.png,0,0,1,1,0.1377734375,0.03216796875,0.48090140682897253,0.20021484375,0.37115234375
data/raw/Class1_norm/121_1.png,1,0,0,0,0.0,0.0,0.0,0.0,0.0
data/raw/Class1_norm/046_1.png,1,0,0,0,0.0,0.0,0.0,0.0,0.0
data/raw/Class3_def/043_3.png,0,0,1,1,0.0796484375,0.047421875,0.5270563403256222,0.4759375,0.53111328125
data/raw/Class2_norm/086_2.png,0,1,0,0,0.0,0.0,0.0,0.0,0.0
data/raw/Class2_def/081_2.png,0,1,0,1,0.14068359375,0.047421875,0.5238732414637843,0.1796875,0.201171875
data/raw/Class2_norm/144_2.png,0,1,0,0,0.0,0.0,0.0,0.0,0.0
data/raw/Class3_norm/046_3.png,0,0,1,0,0.0,0.0,0.0,0.0,0.0
data/raw/Class2_norm/091_2.png,0,1,0,0,0.0,0.0,0.0,0.0,0.0
data/raw/Class1_def/109_1.png,1,0,0,1,0.1375390625,0.06296875,0.5302394391874601,0.21568359375,0.39212890625
data/raw/Class2_norm/121_2.png,0,1,0,0,0.0,0.0,0.0,0.0,0.0
data/raw/Class2_norm/044_2.png,0,1,0,0,0.0,0.0,0.0,0.0,0.0
data/raw/Class1_def/090_1.png,1,0,0,1,0.101328125,0.0868359375,0.6623380419537331,0.1716015625,0.45765625
data/raw/Class2_norm/112_2.png,0,1,0,0,0.0,0.0,0.0,0.0,0.0
data/raw/Class2_def/064_2.png,0,1,0,1,0.0713671875,0.03900390625,0.6161831084570836,0.494140625,0.31640625
data/raw/Class1_def/064_1.png,1,0,0,1,0.0918359375,0.076875,0.31697181544432035,0.37916015625,0.3166015625
data/raw/Class3_def/118_3.png,0,0,1,1,0.090078125,0.04216796875,0.5986760647169751,0.7665234375,0.880703125
data/raw/Class3_norm/004_3.png,0,0,1,0,0.0,0.0,0.0,0.0,0.0
data/raw/Class3_norm/093_3.png,0,0,1,0,0.0,0.0,0.0,0.0,0.0
data/raw/Class1_def/027_1.png,1,0,0,1,0.13814453125,0.06318359375,0.7291831180523292,0.264921875,0.69849609375
data/raw/Class2_def/069_2.png,0,1,0,1,0.1366796875,0.02009765625,0.39177463869751117,0.22265625,0.546875
data/raw/Class3_norm/052_3.png,0,0,1,0,0.0,0.0,0.0,0.0,0.0
data/raw/Class3_norm/012_3.png,0,0,1,0,0.0,0.0,0.0,0.0,0.0
data/raw/Class1_def/001_1.png,1,0,0,1,0.11765625,0.07333984375,0.603450713009732,0.13484375,0.17109375
data/raw/Class1_norm/035_1.png,1,0,0,0,0.0,0.0,0.0,0.0,0.0
data/raw/Class2_norm/128_2.png,0,1,0,0,0.0,0.0,0.0,0.0,0.0
data/raw/Class2_norm/054_2.png,0,1,0,0,0.0,0.0,0.0,0.0,0.0
data/raw/Class1_def/058_1.png,1,0,0,1,0.14556640625,0.13060546875,0.8644648196804403,0.19197265625,0.3952734375
data/raw/Class3_norm/108_3.png,0,0,1,0,0.0,0.0,0.0,0.0,0.0
data/raw/Class2_norm/111_2.png,0,1,0,0,0.0,0.0,0.0,0.0,0.0
data/raw/Class3_norm/005_3.png,0,0,1,0,0.0,0.0,0.0,0.0,0.0
data/raw/Class2_norm/114_2.png,0,1,0,0,0.0,0.0,0.0,0.0,0.0
data/raw/Class3_def/082_3.png,0,0,1,1,0.096875,0.0480859375,0.566845076098596,0.1571484375,0.274765625
data/raw/Class2_def/053_2.png,0,1,0,1,0.10248046875,0.02671875,0.4427042204869177,0.375,0.35546875
data/raw/Class2_def/013_2.png,0,1,0,1,0.13666015625,0.02033203125,0.5748028232531908,0.205078125,0.677734375
data/raw/Class3_def/102_3.png,0,0,1,1,0.06166015625,0.0482421875,0.6591549430918954,0.82048828125,0.6869140625
data/raw/Class2_def/095_2.png,0,1,0,1,0.125859375,0.01810546875,0.4267887261777282,0.80078125,0.580078125
data/raw/Class3_norm/008_3.png,0,0,1,0,0.0,0.0,0.0,0.0,0.0
data/raw/Class3_def/073_3.png,0,0,1,1,0.058515625,0.03201171875,0.18646476210896618,0.50185546875,0.15638671875
data/raw/Class3_norm/137_3.png,0,0,1,0,0.0,0.0,0.0,0.0,0.0
data/raw/Class3_norm/075_3.png,0,0,1,0,0.0,0.0,0.0,0.0,0.0
data/raw/Class1_norm/065_1.png,1,0,0,0,0.0,0.0,0.0,0.0,0.0
data/raw/Class3_norm/062_3.png,0,0,1,0,0.0,0.0,0.0,0.0,0.0
data/raw/Class2_norm/081_2.png,0,1,0,0,0.0,0.0,0.0,0.0,0.0
data/raw/Class1_norm/124_1.png,1,0,0,0,0.0,0.0,0.0,0.0,0.0
data/raw/Class2_norm/022_2.png,0,1,0,0,0.0,0.0,0.0,0.0,0.0
data/raw/Class3_norm/001_3.png,0,0,1,0,0.0,0.0,0.0,0.0,0.0
data/raw/Class3_norm/055_3.png,0,0,1,0,0.0,0.0,0.0,0.0,0.0
data/raw/Class2_def/030_2.png,0,1,0,1,0.04470703125,0.01810546875,0.6209577567498404,0.43359375,0.4453125
data/raw/Class1_def/120_1.png,1,0,0,1,0.16669921875,0.1553125,0.6320986027662732,0.2240625,0.6736328125
data/raw/Class2_norm/088_2.png,0,1,0,0,0.0,0.0,0.0,0.0,0.0
data/raw/Class1_def/092_1.png,1,0,0,1,0.098671875,0.0930078125,0.5620704278058392,0.36060546875,0.438203125
data/raw/Class3_def/104_3.png,0,0,1,1,0.07853515625,0.02798828125,0.5031830988618379,0.28861328125,0.64626953125
data/raw/Class3_def/023_3.png,0,0,1,1,0.05791015625,0.0392578125,0.7307746674832483,0.2024609375,0.9046484375
data/raw/Class2_norm/045_2.png,0,1,0,0,0.0,0.0,0.0,0.0,0.0
data/raw/Class2_def/094_2.png,0,1,0,1,0.04845703125,0.02330078125,0.5795774715459476,0.458984375,0.51953125
data/raw/Class1_norm/104_1.png,1,0,0,0,0.0,0.0,0.0,0.0,0.0
data/raw/Class2_def/059_2.png,0,1,0,1,0.1278125,0.023359375,0.40132393528302485,0.4375,0.302734375
data/raw/Class3_norm/040_3.png,0,0,1,0,0.0,0.0,0.0,0.0,0.0
data/raw/Class1_def/013_1.png,1,0,0,1,0.161953125,0.1408203125,0.568436625529515,0.1227734375,0.60544921875
data/raw/Class2_norm/143_2.png,0,1,0,0,0.0,0.0,0.0,0.0,0.0
data/raw/Class1_def/060_1.png,1,0,0,1,0.162109375,0.0920703125,0.26445068422399487,0.29755859375,0.56517578125
data/raw/Class2_def/072_2.png,0,1,0,1,0.1382421875,0.02046875,0.6114084601643268,0.208984375,0.79296875
data/raw/Class2_norm/135_2.png,0,1,0,0,0.0,0.0,0.0,0.0,0.0
data/raw/Class2_def/046_2.png,0,1,0,1,0.1474609375,0.046015625,0.4411126710559987,0.625,0.18359375
data/raw/Class1_def/007_1.png,1,0,0,1,0.0980078125,0.09212890625,0.5318309886183791,0.1065234375,0.49994140625
data/raw/Class3_norm/149_3.png,0,0,1,0,0.0,0.0,0.0,0.0,0.0
data/raw/Class2_def/092_2.png,0,1,0,1,0.19544921875,0.10205078125,0.42360562731589024,0.638671875,0.251953125
data/raw/Class1_norm/032_1.png,1,0,0,0,0.0,0.0,0.0,0.0,0.0
data/raw/Class2_def/082_2.png,0,1,0,1,0.143671875,0.01869140625,0.5636619772367581,0.44921875,0.34375
data/raw/Class1_def/073_1.png,1,0,0,1,0.14220703125,0.09673828125,0.5509295817894064,0.15544921875,0.46048828125
data/raw/Class1_def/046_1.png,1,0,0,1,0.15162109375,0.06341796875,0.2883239256877792,0.17697265625,0.5526171875
data/raw/Class2_norm/047_2.png,0,1,0,0,0.0,0.0,0.0,0.0,0.0
data/raw/Class3_def/101_3.png,0,0,1,1,0.1090234375,0.0375390625,0.6209577567498404,0.3718359375,0.6280078125
data/raw/Class3_def/041_3.png,0,0,1,1,0.08431640625,0.0514453125,0.4140563307303765,0.62908203125,0.9242578125
data/raw/Class3_def/035_3.png,0,0,1,1,0.2004296875,0.07642578125,0.5572957795130823,0.70912109375,0.910546875
data/raw/Class1_def/045_1.png,1,0,0,1,0.12720703125,0.11619140625,0.43633802276324185,0.17892578125,0.2661328125
data/raw/Class2_norm/024_2.png,0,1,0,0,0.0,0.0,0.0,0.0,0.0
data/raw/Class2_def/047_2.png,0,1,0,1,0.04548828125,0.0198046875,0.4458873193487556,0.521484375,0.3046875
data/raw/Class1_norm/138_1.png,1,0,0,0,0.0,0.0,0.0,0.0,0.0
data/raw/Class3_def/038_3.png,0,0,1,1,0.05533203125,0.03908203125,0.39814083642118697,0.199921875,0.30255859375
data/raw/Class3_norm/119_3.png,0,0,1,0,0.0,0.0,0.0,0.0,0.0
data/raw/Class1_norm/095_1.png,1,0,0,0,0.0,0.0,0.0,0.0,0.0
data/raw/Class3_def/018_3.png,0,0,1,1,0.0900390625,0.0391015625,0.6416478993517868,0.41,0.557578125
data/raw/Class1_norm/058_1.png,1,0,0,0,0.0,0.0,0.0,0.0,0.0
data/raw/Class3_def/095_3.png,0,0,1,1,0.1496484375,0.05138671875,0.5795774715459476,0.7380078125,0.2644921875
data/raw/Class2_def/117_2.png,0,1,0,1,0.0450390625,0.01716796875,0.466577461950702,0.501953125,0.298828125
data/raw/Class3_norm/036_3.png,0,0,1,0,0.0,0.0,0.0,0.0,0.0
data/raw/Class2_def/070_2.png,0,1,0,1,0.12861328125,0.05396484375,0.4379295721941608,0.541015625,0.38671875
data/raw/Class3_norm/097_3.png,0,0,1,0,0.0,0.0,0.0,0.0,0.0
data/raw/Class1_norm/143_1.png,1,0,0,0,0.0,0.0,0.0,0.0,0.0
data/raw/Class3_def/017_3.png,0,0,1,1,0.0770703125,0.0500390625,0.48090140682897253,0.20041015625,0.85064453125
data/raw/Class2_norm/004_2.png,0,1,0,0,0.0,0.0,0.0,0.0,0.0
data/raw/Class2_norm/018_2.png,0,1,0,0,0.0,0.0,0.0,0.0,0.0
data/raw/Class1_def/040_1.png,1,0,0,1,0.14474609375,0.1314453125,0.6750704374010849,0.11169921875,0.35
data/raw/Class1_norm/116_1.png,1,0,0,0,0.0,0.0,0.0,0.0,0.0
data/raw/Class2_norm/134_2.png,0,1,0,0,0.0,0.0,0.0,0.0,0.0
data/raw/Class3_norm/102_3.png,0,0,1,0,0.0,0.0,0.0,0.0,0.0
data/raw/Class3_def/055_3.png,0,0,1,1,0.11369140625,0.062890625,0.38859153983567324,0.42525390625,0.16630859375
data/raw/Class3_norm/140_3.png,0,0,1,0,0.0,0.0,0.0,0.0,0.0
data/raw/Class3_norm/082_3.png,0,0,1,0,0.0,0.0,0.0,0.0,0.0
data/raw/Class3_norm/030_3.png,0,0,1,0,0.0,0.0,0.0,0.0,0.0
data/raw/Class2_def/031_2.png,0,1,0,1,0.14994140625,0.02248046875,0.5700281749604339,0.46484375,0.18359375
data/raw/Class1_def/042_1.png,1,0,0,1,0.0821484375,0.0766015625,0.5572957795130823,0.072890625,0.5670703125
data/raw/Class1_def/082_1.png,1,0,0,1,0.12390625,0.081171875,0.4076901330067007,0.2184375,0.64361328125
data/raw/Class1_norm/040_1.png,1,0,0,0,0.0,0.0,0.0,0.0,0.0
data/raw/Class2_norm/027_2.png,0,1,0,0,0.0,0.0,0.0,0.0,0.0
data/raw/Class2_norm/046_2.png,0,1,0,0,0.0,0.0,0.0,0.0,0.0
data/raw/Class2_norm/041_2.png,0,1,0,0,0.0,0.0,0.0,0.0,0.0
data/raw/Class3_def/010_3.png,0,0,1,1,0.14158203125,0.039140625,0.5493380323584875,0.22904296875,0.5883984375
data/raw/Class1_norm/100_1.png,1,0,0,0,0.0,0.0,0.0,0.0,0.0
data/raw/Class2_norm/068_2.png,0,1,0,0,0.0,0.0,0.0,0.0,0.0
data/raw/Class1_norm/081_1.png,1,0,0,0,0.0,0.0,0.0,0.0,0.0
data/raw/Class1_norm/013_1.png,1,0,0,0,0.0,0.0,0.0,0.0,0.0
data/raw/Class1_norm/085_1.png,1,0,0,0,0.0,0.0,0.0,0.0,0.0
data/raw/Class2_norm/142_2.png,0,1,0,0,0.0,0.0,0.0,0.0,0.0
data/raw/Class1_def/076_1.png,1,0,0,1,0.1606640625,0.0629296875,0.2994647717042119,0.25158203125,0.43755859375
data/raw/Class2_def/027_2.png,0,1,0,1,0.13224609375,0.036328125,0.5175070437401085,0.201171875,0.66015625
data/raw/Class2_norm/008_2.png,0,1,0,0,0.0,0.0,0.0,0.0,0.0
data/raw/Class3_norm/084_3.png,0,0,1,0,0.0,0.0,0.0,0.0,0.0
data/raw/Class1_def/065_1.png,1,0,0,1,0.15498046875,0.14841796875,0.5,0.47236328125,0.64607421875
data/raw/Class1_def/110_1.png,1,0,0,1,0.09396484375,0.07236328125,0.5891267681314614,0.11134765625,0.33138671875
data/raw/Class1_def/024_1.png,1,0,0,1,0.16197265625,0.10826171875,0.8819718634205489,0.1568359375,0.54654296875
data/raw/Class1_norm/036_1.png,1,0,0,0,0.0,0.0,0.0,0.0,0.0
data/raw/Class1_def/062_1.png,1,0,0,1,0.08517578125,0.05734375,0.5429718346348117,0.2230859375,0.45685546875
data/raw/Class2_norm/069_2.png,0,1,0,0,0.0,0.0,0.0,0.0,0.0
data/raw/Class1_def/071_1.png,1,0,0,1,0.1417578125,0.1132421875,0.23261969560561582,0.22126953125,0.17759765625
data/raw/Class3_def/054_3.png,0,0,1,1,0.088828125,0.03953125,0.6607464925228143,0.65482421875,0.8514453125
data/raw/Class3_norm/050_3.png,0,0,1,0,0.0,0.0,0.0,0.0,0.0
data/raw/Class3_def/071_3.png,0,0,1,1,0.0969921875,0.04642578125,0.6448309982136248,0.83388671875,0.4651171875
data/raw/Class2_norm/023_2.png,0,1,0,0,0.0,0.0,0.0,0.0,0.0
data/raw/Class1_norm/031_1.png,1,0,0,0,0.0,0.0,0.0,0.0,0.0
data/raw/Class3_def/103_3.png,0,0,1,1,0.06197265625,0.0387109375,0.35039435349361836,0.36419921875,0.45845703125
data/raw/Class3_norm/143_3.png,0,0,1,0,0.0,0.0,0.0,0.0,0.0
data/raw/Class1_norm/079_1.png,1,0,0,0,0.0,0.0,0.0,0.0,0.0
data/raw/Class1_norm/132_1.png,1,0,0,0,0.0,0.0,0.0,0.0,0.0
data/raw/Class1_norm/088_1.png,1,0,0,0,0.0,0.0,0.0,0.0,0.0
data/raw/Class3_def/028_3.png,0,0,1,1,0.1110546875,0.06291015625,0.6464225476445437,0.9083203125,0.50615234375
data/raw/Class2_norm/073_2.png,0,1,0,0,0.0,0.0,0.0,0.0,0.0
data/raw/Class2_norm/126_2.png,0,1,0,0,0.0,0.0,0.0,0.0,0.0
data/raw/Class2_norm/104_2.png,0,1,0,0,0.0,0.0,0.0,0.0,0.0
data/raw/Class1_def/043_1.png,1,0,0,1,0.0775390625,0.06197265625,0.40291548471394384,0.181171875,0.5689453125
data/raw/Class1_def/052_1.png,1,0,0,1,0.10544921875,0.105078125,0.7371408652069241,0.413984375,0.1549609375
data/raw/Class2_def/089_2.png,0,1,0,1,0.1410546875,0.0204296875,0.5620704278058392,0.822265625,0.416015625
data/raw/Class1_def/075_1.png,1,0,0,1,0.1564453125,0.0975,0.33129576032259095,0.10666015625,0.718671875
data/raw/Class2_norm/042_2.png,0,1,0,0,0.0,0.0,0.0,0.0,0.0
data/raw/Class2_norm/026_2.png,0,1,0,0,0.0,0.0,0.0,0.0,0.0
data/raw/Class3_def/107_3.png,0,0,1,1,0.08419921875,0.0356640625,0.33607040861534776,0.3673828125,0.52330078125
data/raw/Class3_norm/035_3.png,0,0,1,0,0.0,0.0,0.0,0.0,0.0
data/raw/Class2_norm/127_2.png,0,1,0,0,0.0,0.0,0.0,0.0,0.0
data/raw/Class1_def/032_1.png,1,0,0,1,0.088359375,0.0690234375,0.4045070341448628,0.32380859375,0.2640625
data/raw/Class3_def/005_3.png,0,0,1,1,0.11841796875,0.06876953125,0.4379295721941608,0.86626953125,0.26060546875
data/raw/Class1_norm/023_1.png,1,0,0,0,0.0,0.0,0.0,0.0,0.0
data/raw/Class2_norm/012_2.png,0,1,0,0,0.0,0.0,0.0,0.0,0.0
data/raw/Class1_def/097_1.png,1,0,0,1,0.10859375,0.0791015625,0.2437605416220485,0.143359375,0.660078125
data/raw/Class2_norm/074_2.png,0,1,0,0,0.0,0.0,0.0,0.0,0.0
data/raw/Class2_def/067_2.png,0,1,0,1,0.06517578125,0.02884765625,0.4474788687796745,0.48828125,0.595703125
data/raw/Class2_def/024_2.png,0,1,0,1,0.1302734375,0.046484375,0.5286478897565412,0.435546875,0.26953125
data/raw/Class2_norm/095_2.png,0,1,0,0,0.0,0.0,0.0,0.0,0.0
data/raw/Class1_norm/120_1.png,1,0,0,0,0.0,0.0,0.0,0.0,0.0
data/raw/Class1_def/030_1.png,1,0,0,1,0.0941015625,0.0809765625,0.5429718346348117,0.40533203125,0.1358203125
data/raw/Class3_def/058_3.png,0,0,1,1,0.05857421875,0.02708984375,0.49204225284540526,0.40634765625,0.31775390625
data/raw/Class3_norm/019_3.png,0,0,1,0,0.0,0.0,0.0,0.0,0.0
data/raw/Class1_norm/008_1.png,1,0,0,0,0.0,0.0,0.0,0.0,0.0
data/raw/Class2_def/107_2.png,0,1,0,1,0.1119921875,0.0201171875,0.431563374470485,0.51953125,0.490234375
data/raw/Class2_def/097_2.png,0,1,0,1,0.13431640625,0.01990234375,0.45702816536518825,0.52734375,0.484375
data/raw/Class2_norm/030_2.png,0,1,0,0,0.0,0.0,0.0,0.0,0.0
data/raw/Class2_norm/110_2.png,0,1,0,0,0.0,0.0,0.0,0.0,0.0
data/raw/Class1_norm/002_1.png,1,0,0,0,0.0,0.0,0.0,0.0,0.0
data/raw/Class2_def/001_2.png,0,1,0,1,0.1240625,0.020859375,0.5970845152860561,0.80078125,0.265625
data/raw/Class2_norm/034_2.png,0,1,0,0,0.0,0.0,0.0,0.0,0.0
data/raw/Class1_def/118_1.png,1,0,0,1,0.1508203125,0.0969140625,0.4458873193487556,0.39443359375,0.68322265625
data/raw/Class1_norm/102_1.png,1,0,0,0,0.0,0.0,0.0,0.0,0.0
data/raw/Class1_def/020_1.png,1,0,0,1,0.1138671875,0.09794921875,0.22943659674377792,0.09328125,0.11720703125
data/raw/Class3_norm/059_3.png,0,0,1,0,0.0,0.0,0.0,0.0,0.0
data/raw/Class2_def/096_2.png,0,1,0,1,0.13177734375,0.01685546875,0.5525211312203254,0.416015625,0.75
data/raw/Class2_norm/130_2.png,0,1,0,0,0.0,0.0,0.0,0.0,0.0
data/raw/Class2_def/019_2.png,0,1,0,1,0.12423828125,0.0177734375,0.42201407788497125,0.470703125,0.828125
data/raw/Class1_def/111_1.png,1,0,0,1,0.18541015625,0.129921875,0.28991547511869814,0.2882421875,0.41859375
data/raw/Class3_def/011_3.png,0,0,1,1,0.12171875,0.05962890625,0.49045070341448627,0.213046875,0.14474609375
data/raw/Class2_def/104_2.png,0,1,0,1,0.0521484375,0.0184375,0.39973238585210596,0.74609375,0.84375
data/raw/Class2_norm/149_2.png,0,1,0,0,0.0,0.0,0.0,0.0,0.0
data/raw/Class1_norm/034_1.png,1,0,0,0,0.0,0.0,0.0,0.0,0.0
data/raw/Class1_norm/126_1.png,1,0,0,0,0.0,0.0,0.0,0.0,0.0
data/raw/Class2_def/090_2.png,0,1,0,1,0.08990234375,0.02796875,0.5541126806512444,0.703125,0.548828125
data/raw/Class1_norm/061_1.png,1,0,0,0,0.0,0.0,0.0,0.0,0.0
data/raw/Class3_norm/006_3.png,0,0,1,0,0.0,0.0,0.0,0.0,0.0
data/raw/Class3_def/083_3.png,0,0,1,1,0.0571484375,0.023515625,0.5143239448782706,0.59966796875,0.10044921875
data/raw/Class2_def/080_2.png,0,1,0,1,0.11939453125,0.025,0.5557042300821634,0.6875,0.546875
data/raw/Class3_norm/141_3.png,0,0,1,0,0.0,0.0,0.0,0.0,0.0
data/raw/Class3_def/012_3.png,0,0,1,1,0.100859375,0.04302734375,0.5891267681314614,0.91802734375,0.8620703125
data/raw/Class2_def/112_2.png,0,1,0,1,0.06212890625,0.02958984375,0.39973238585210596,0.201171875,0.748046875
data/raw/Class3_def/078_3.png,0,0,1,1,0.10244140625,0.0639453125,0.5,0.64927734375,0.41298828125
data/raw/Class3_norm/126_3.png,0,0,1,0,0.0,0.0,0.0,0.0,0.0
data/raw/Class2_def/016_2.png,0,1,0,1,0.0546484375,0.02103515625,0.5652535266676771,0.775390625,0.7734375
data/raw/Class1_norm/007_1.png,1,0,0,0,0.0,0.0,0.0,0.0,0.0
data/raw/Class2_norm/102_2.png,0,1,0,0,0.0,0.0,0.0,0.0,0.0
data/raw/Class3_norm/124_3.png,0,0,1,0,0.0,0.0,0.0,0.0,0.0
data/raw/Class1_norm/057_1.png,1,0,0,0,0.0,0.0,0.0,0.0,0.0
data/raw/Class2_def/035_2.png,0,1,0,1,0.1359375,0.01861328125,0.5461549334966497,0.556640625,0.212890625
data/raw/Class3_def/031_3.png,0,0,1,1,0.10599609375,0.025859375,0.4713521102434588,0.48291015625,0.19369140625
data/raw/Class1_norm/021_1.png,1,0,0,0,0.0,0.0,0.0,0.0,0.0
data/raw/Class2_norm/071_2.png,0,1,0,0,0.0,0.0,0.0,0.0,0.0
data/raw/Class1_norm/017_1.png,1,0,0,0,0.0,0.0,0.0,0.0,0.0
data/raw/Class2_norm/124_2.png,0,1,0,0,0.0,0.0,0.0,0.0,0.0
data/raw/Class1_norm/142_1.png,1,0,0,0,0.0,0.0,0.0,0.0,0.0
data/raw/Class1_def/002_1.png,1,0,0,1,0.0807421875,0.06998046875,0.5588873289440013,0.616015625,0.33650390625
data/raw/Class2_def/073_2.png,0,1,0,1,0.12650390625,0.0147265625,0.4347464733323229,0.578125,0.267578125
data/raw/Class3_norm/100_3.png,0,0,1,0,0.0,0.0,0.0,0.0,0.0
data/raw/Class1_def/018_1.png,1,0,0,1,0.16119140625,0.152421875,0.37108449609556476,0.2253515625,0.34634765625
data/raw/Class1_norm/048_1.png,1,0,0,0,0.0,0.0,0.0,0.0,0.0
data/raw/Class1_def/059_1.png,1,0,0,1,0.13244140625,0.0875,0.4538450665033503,0.29365234375,0.17640625
data/raw/Class2_def/015_2.png,0,1,0,1,0.06529296875,0.03462890625,0.4442957699178366,0.453125,0.59765625
data/raw/Class3_norm/079_3.png,0,0,1,0,0.0,0.0,0.0,0.0,0.0
data/raw/Class2_def/114_2.png,0,1,0,1,0.1366796875,0.025234375,0.40132393528302485,0.5546875,0.4921875
data/raw/Class2_def/040_2.png,0,1,0,1,0.0899609375,0.04068359375,0.5748028232531908,0.234375,0.794921875
data/raw/Class3_norm/118_3.png,0,0,1,0,0.0,0.0,0.0,0.0,0.0
data/raw/Class2_norm/020_2.png,0,1,0,0,0.0,0.0,0.0,0.0,0.0
data/raw/Class3_norm/010_3.png,0,0,1,0,0.0,0.0,0.0,0.0,0.0
data/raw/Class2_def/111_2.png,0,1,0,1,0.115703125,0.0258984375,0.40609858357578177,0.24609375,0.560546875
data/raw/Class2_norm/145_2.png,0,1,0,0,0.0,0.0,0.0,0.0,0.0
data/raw/Class3_def/116_3.png,0,0,1,1,0.16017578125,0.050390625,0.39814083642118697,0.1954296875,0.70583984375
data/raw/Class3_norm/085_3.png,0,0,1,0,0.0,0.0,0.0,0.0,0.0
data/raw/Class2_norm/148_2.png,0,1,0,0,0.0,0.0,0.0,0.0,0.0
data/raw/Class1_norm/115_1.png,1,0,0,0,0.0,0.0,0.0,0.0,0.0
data/raw/Class1_norm/025_1.png,1,0,0,0,0.0,0.0,0.0,0.0,0.0
data/raw/Class3_norm/071_3.png,0,0,1,0,0.0,0.0,0.0,0.0,0.0
data/raw/Class1_norm/066_1.png,1,0,0,0,0.0,0.0,0.0,0.0,0.0
data/raw/Class2_def/050_2.png,0,1,0,1,0.119765625,0.02728515625,0.3854084409738354,0.763671875,0.478515625
data/raw/Class1_norm/077_1.png,1,0,0,0,0.0,0.0,0.0,0.0,0.0
data/raw/Class3_def/086_3.png,0,0,1,1,0.11869140625,0.03845703125,0.48090140682897253,0.26306640625,0.0785546875
data/raw/Class2_norm/122_2.png,0,1,0,0,0.0,0.0,0.0,0.0,0.0
data/raw/Class3_def/033_3.png,0,0,1,1,0.0646484375,0.0291796875,0.5716197243913529,0.414140625,0.48822265625
data/raw/Class3_norm/110_3.png,0,0,1,0,0.0,0.0,0.0,0.0,0.0
data/raw/Class2_norm/053_2.png,0,1,0,0,0.0,0.0,0.0,0.0,0.0
data/raw/Class3_norm/099_3.png,0,0,1,0,0.0,0.0,0.0,0.0,0.0
data/raw/Class1_norm/070_1.png,1,0,0,0,0.0,0.0,0.0,0.0,0.0
data/raw/Class3_def/016_3.png,0,0,1,1,0.07375,0.03771484375,0.5254647908947033,0.89455078125,0.78318359375
data/raw/Class1_norm/098_1.png,1,0,0,0,0.0,0.0,0.0,0.0,0.0
data/raw/Class3_norm/145_3.png,0,0,1,0,0.0,0.0,0.0,0.0,0.0
data/raw/Class1_def/003_1.png,1,0,0,1,0.1054296875,0.0787109375,0.7435070629305999,0.21673828125,0.33205078125
data/raw/Class3_def/119_3.png,0,0,1,1,0.15439453125,0.0514453125,0.5557042300821634,0.69869140625,0.21390625
data/raw/Class1_norm/097_1.png,1,0,0,0,0.0,0.0,0.0,0.0,0.0
data/raw/Class2_norm/123_2.png,0,1,0,0,0.0,0.0,0.0,0.0,0.0
data/raw/Class2_norm/075_2.png,0,1,0,0,0.0,0.0,0.0,0.0,0.0
data/raw/Class2_def/025_2.png,0,1,0,1,0.14109375,0.02177734375,0.5095492965855137,0.69921875,0.2734375
data/raw/Class2_norm/002_2.png,0,1,0,0,0.0,0.0,0.0,0.0,0.0
data/raw/Class3_def/062_3.png,0,0,1,1,0.0508203125,0.04296875,0.466577461950702,0.63931640625,0.11896484375
data/raw/Class2_def/032_2.png,0,1,0,1,0.12080078125,0.04044921875,0.5254647908947033,0.73046875,0.556640625
data/raw/Class3_norm/042_3.png,0,0,1,0,0.0,0.0,0.0,0.0,0.0
data/raw/Class3_norm/113_3.png,0,0,1,0,0.0,0.0,0.0,0.0,0.0
data/raw/Class1_norm/110_1.png,1,0,0,0,0.0,0.0,0.0,0.0,0.0
data/raw/Class3_norm/003_3.png,0,0,1,0,0.0,0.0,0.0,0.0,0.0
data/raw/Class1_norm/022_1.png,1,0,0,0,0.0,0.0,0.0,0.0,0.0
data/raw/Class2_norm/021_2.png,0,1,0,0,0.0,0.0,0.0,0.0,0.0
data/raw/Class3_def/003_3.png,0,0,1,1,0.05736328125,0.02767578125,0.5238732414637843,0.8754296875,0.31087890625
data/raw/Class1_norm/073_1.png,1,0,0,0,0.0,0.0,0.0,0.0,0.0
data/raw/Class3_norm/117_3.png,0,0,1,0,0.0,0.0,0.0,0.0,0.0
data/raw/Class2_def/004_2.png,0,1,0,1,0.138515625,0.0281640625,0.5222816920328653,0.423828125,0.861328125
data/raw/Class1_norm/105_1.png,1,0,0,0,0.0,0.0,0.0,0.0,0.0
data/raw/Class3_def/009_3.png,0,0,1,1,0.06712890625,0.03775390625,0.43633802276324185,0.12025390625,0.13896484375
data/raw/Class3_def/030_3.png,0,0,1,1,0.1223046875,0.06779296875,0.5636619772367581,0.51359375,0.67703125
data/raw/Class3_def/090_3.png,0,0,1,1,0.15109375,0.053828125,0.5811690209768666,0.69728515625,0.16279296875
data/raw/Class1_norm/092_1.png,1,0,0,0,0.0,0.0,0.0,0.0,0.0
data/raw/Class3_norm/076_3.png,0,0,1,0,0.0,0.0,0.0,0.0,0.0
data/raw/Class2_norm/079_2.png,0,1,0,0,0.0,0.0,0.0,0.0,0.0
data/raw/Class2_norm/109_2.png,0,1,0,0,0.0,0.0,0.0,0.0,0.0
data/raw/Class3_norm/068_3.png,0,0,1,0,0.0,0.0,0.0,0.0,0.0
data/raw/Class3_def/014_3.png,0,0,1,1,0.06453125,0.03884765625,0.5381971863420549,0.8578515625,0.49859375
data/raw/Class1_def/100_1.png,1,0,0,1,0.1057421875,0.10158203125,0.4474788687796745,0.14701171875,0.56076171875
data/raw/Class3_norm/026_3.png,0,0,1,0,0.0,0.0,0.0,0.0,0.0
data/raw/Class3_norm/148_3.png,0,0,1,0,0.0,0.0,0.0,0.0,0.0
data/raw/Class3_norm/147_3.png,0,0,1,0,0.0,0.0,0.0,0.0,0.0
data/raw/Class3_norm/138_3.png,0,0,1,0,0.0,0.0,0.0,0.0,0.0
data/raw/Class3_def/008_3.png,0,0,1,1,0.15681640625,0.0418359375,0.6018591635788131,0.4130859375,0.167578125
data/raw/Class3_norm/023_3.png,0,0,1,0,0.0,0.0,0.0,0.0,0.0
data/raw/Class2_norm/050_2.png,0,1,0,0,0.0,0.0,0.0,0.0,0.0
data/raw/Class2_def/034_2.png,0,1,0,1,0.13720703125,0.01923828125,0.4602112642270262,0.2265625,0.388671875
data/raw/Class2_def/010_2.png,0,1,0,1,0.09845703125,0.01818359375,0.39973238585210596,0.447265625,0.7734375
data/raw/Class1_def/035_1.png,1,0,0,1,0.12826171875,0.0972265625,0.33607040861534776,0.09283203125,0.4858984375
data/raw/Class2_norm/107_2.png,0,1,0,0,0.0,0.0,0.0,0.0,0.0
data/raw/Class1_norm/133_1.png,1,0,0,0,0.0,0.0,0.0,0.0,0.0
data/raw/Class2_norm/132_2.png,0,1,0,0,0.0,0.0,0.0,0.0,0.0
data/raw/Class2_norm/082_2.png,0,1,0,0,0.0,0.0,0.0,0.0,0.0
data/raw/Class2_norm/087_2.png,0,1,0,0,0.0,0.0,0.0,0.0,0.0
data/raw/Class1_norm/109_1.png,1,0,0,0,0.0,0.0,0.0,0.0,0.0
data/raw/Class2_def/118_2.png,0,1,0,1,0.108515625,0.020078125,0.3742675949574027,0.396484375,0.822265625
data/raw/Class1_def/051_1.png,1,0,0,1,0.1290234375,0.08359375,0.26445068422399487,0.3859765625,0.3773828125
data/raw/Class3_def/050_3.png,0,0,1,1,0.1084765625,0.04876953125,0.46180281365794507,0.76470703125,0.7269921875
data/raw/Class2_norm/089_2.png,0,1,0,0,0.0,0.0,0.0,0.0,0.0
data/raw/Class3_def/025_3.png,0,0,1,1,0.06068359375,0.04458984375,0.8326338310620612,0.802578125,0.67150390625
data/raw/Class2_norm/146_2.png,0,1,0,0,0.0,0.0,0.0,0.0,0.0
data/raw/Class2_def/018_2.png,0,1,0,1,0.061796875,0.0250390625,0.5827605704077856,0.419921875,0.6328125
data/raw/Class1_def/017_1.png,1,0,0,1,0.1098046875,0.0811328125,0.7403239640687619,0.17912109375,0.18015625
data/raw/Class3_norm/1000_3.png,0,0,1,0,0.0,0.0,0.0,0.0,0.0
data/raw/Class1_def/087_1.png,1,0,0,1,0.12009765625,0.11927734375,0.27718307967134653,0.70173828125,0.35400390625
data/raw/Class2_norm/080_2.png,0,1,0,0,0.0,0.0,0.0,0.0,0.0
data/raw/Class1_norm/107_1.png,1,0,0,0,0.0,0.0,0.0,0.0,0.0
data/raw/Class2_norm/103_2.png,0,1,0,0,0.0,0.0,0.0,0.0,0.0
data/raw/Class1_norm/071_1.png,1,0,0,0,0.0,0.0,0.0,0.0,0.0
data/raw/Class3_norm/115_3.png,0,0,1,0,0.0,0.0,0.0,0.0,0.0
data/raw/Class3_norm/128_3.png,0,0,1,0,0.0,0.0,0.0,0.0,0.0
data/raw/Class1_def/116_1.png,1,0,0,1,0.137578125,0.13689453125,0.3137887165824825,0.44169921875,0.2829296875
data/raw/Class1_def/088_1.png,1,0,0,1,0.08306640625,0.06279296875,0.39973238585210596,0.15263671875,0.30453125
data/raw/Class3_norm/034_3.png,0,0,1,0,0.0,0.0,0.0,0.0,0.0
data/raw/Class1_norm/141_1.png,1,0,0,0,0.0,0.0,0.0,0.0,0.0
data/raw/Class1_def/106_1.png,1,0,0,1,0.0752734375,0.07078125,0.4045070341448628,0.1291796875,0.59810546875
data/raw/Class3_def/067_3.png,0,0,1,1,0.09890625,0.05978515625,0.6782535362629228,0.51638671875,0.10517578125
data/raw/Class2_def/075_2.png,0,1,0,1,0.046796875,0.01673828125,0.4267887261777282,0.310546875,0.44140625
data/raw/Class3_norm/111_3.png,0,0,1,0,0.0,0.0,0.0,0.0,0.0
data/raw/Class2_def/052_2.png,0,1,0,1,0.12142578125,0.0252734375,0.6241408556116784,0.232421875,0.81640625
data/raw/Class3_norm/088_3.png,0,0,1,0,0.0,0.0,0.0,0.0,0.0
data/raw/Class1_norm/118_1.png,1,0,0,0,0.0,0.0,0.0,0.0,0.0
data/raw/Class1_def/008_1.png,1,0,0,1,0.0790625,0.071015625,0.5557042300821634,0.0821484375,0.47765625
data/raw/Class2_norm/005_2.png,0,1,0,0,0.0,0.0,0.0,0.0,0.0
data/raw/Class1_def/115_1.png,1,0,0,1,0.118359375,0.08603515625,0.5238732414637843,0.518671875,0.3984375
data/raw/Class1_norm/089_1.png,1,0,0,0,0.0,0.0,0.0,0.0,0.0
data/raw/Class3_def/093_3.png,0,0,1,1,0.10681640625,0.06978515625,0.7069014260194639,0.11919921875,0.69916015625
data/raw/Class2_def/029_2.png,0,1,0,1,0.0952734375,0.02447265625,0.4442957699178366,0.40234375,0.171875
data/raw/Class1_norm/136_1.png,1,0,0,0,0.0,0.0,0.0,0.0,0.0
data/raw/Class1_norm/051_1.png,1,0,0,0,0.0,0.0,0.0,0.0,0.0
data/raw/Class1_def/089_1.png,1,0,0,1,0.10947265625,0.10509765625,0.5302394391874601,0.197109375,0.27880859375
data/raw/Class1_norm/114_1.png,1,0,0,0,0.0,0.0,0.0,0.0,0.0
data/raw/Class3_norm/073_3.png,0,0,1,0,0.0,0.0,0.0,0.0,0.0
data/raw/Class1_def/050_1.png,1,0,0,1,0.07484375,0.0696484375,0.6464225476445437,0.08244140625,0.08052734375
data/raw/Class2_def/106_2.png,0,1,0,1,0.1353125,0.0590625,0.38222534211199743,0.36328125,0.8125
data/raw/Class3_norm/080_3.png,0,0,1,0,0.0,0.0,0.0,0.0,0.0
data/raw/Class2_norm/092_2.png,0,1,0,0,0.0,0.0,0.0,0.0,0.0
data/raw/Class2_norm/096_2.png,0,1,0,0,0.0,0.0,0.0,0.0,0.0
data/raw/Class2_def/077_2.png,0,1,0,1,0.08921875,0.035546875,0.4379295721941608,0.6015625,0.271484375
data/raw/Class1_norm/099_1.png,1,0,0,0,0.0,0.0,0.0,0.0,0.0
data/raw/Class2_norm/066_2.png,0,1,0,0,0.0,0.0,0.0,0.0,0.0
data/raw/Class2_norm/006_2.png,0,1,0,0,0.0,0.0,0.0,0.0,0.0
data/raw/Class2_norm/017_2.png,0,1,0,0,0.0,0.0,0.0,0.0,0.0
data/raw/Class1_def/070_1.png,1,0,0,1,0.089609375,0.05869140625,0.5604788783749202,0.23720703125,0.5316015625
data/raw/Class3_def/049_3.png,0,0,1,1,0.06205078125,0.05158203125,0.6098169107334078,0.59568359375,0.75083984375
data/raw/Class1_norm/084_1.png,1,0,0,0,0.0,0.0,0.0,0.0,0.0
data/raw/Class1_def/048_1.png,1,0,0,1,0.11537109375,0.0678515625,0.25649293706940013,0.1651953125,0.3901953125
data/raw/Class3_def/096_3.png,0,0,1,1,0.0929296875,0.04146484375,0.7610141066707083,0.51228515625,0.111953125
data/raw/Class3_norm/144_3.png,0,0,1,0,0.0,0.0,0.0,0.0,0.0
data/raw/Class1_norm/062_1.png,1,0,0,0,0.0,0.0,0.0,0.0,0.0
data/raw/Class1_norm/146_1.png,1,0,0,0,0.0,0.0,0.0,0.0,0.0
data/raw/Class2_def/085_2.png,0,1,0,1,0.1518359375,0.0344921875,0.4395211216250798,0.625,0.615234375
data/raw/Class1_def/037_1.png,1,0,0,1,0.0860546875,0.08572265625,0.22147884958918315,0.24083984375,0.38123046875
data/raw/Class3_norm/103_3.png,0,0,1,0,0.0,0.0,0.0,0.0,0.0
data/raw/Class2_norm/1000_2.png,0,1,0,0,0.0,0.0,0.0,0.0,0.0
data/raw/Class1_norm/060_1.png,1,0,0,0,0.0,0.0,0.0,0.0,0.0
data/raw/Class3_def/105_3.png,0,0,1,1,0.12947265625,0.05107421875,0.5222816920328653,0.220234375,0.14720703125
data/raw/Class1_norm/004_1.png,1,0,0,0,0.0,0.0,0.0,0.0,0.0
data/raw/Class2_def/007_2.png,0,1,0,1,0.1937890625,0.06328125,0.3806337926810785,0.634765625,0.5234375
data/raw/Class3_norm/107_3.png,0,0,1,0,0.0,0.0,0.0,0.0,0.0
data/raw/Class1_def/069_1.png,1,0,0,1,0.112578125,0.04513671875,0.3249295625989151,0.23095703125,0.653046875
data/raw/Class3_norm/091_3.png,0,0,1,0,0.0,0.0,0.0,0.0,0.0
data/raw/Class2_norm/015_2.png,0,1,0,0,0.0,0.0,0.0,0.0,0.0
data/raw/Class2_def/065_2.png,0,1,0,1,0.13671875,0.02890625,0.3933661881284301,0.19140625,0.767578125
data/raw/Class2_def/054_2.png,0,1,0,1,0.133984375,0.04857421875,0.5509295817894064,0.32421875,0.3046875
data/raw/Class1_norm/139_1.png,1,0,0,0,0.0,0.0,0.0,0.0,0.0
data/raw/Class1_norm/119_1.png,1,0,0,0,0.0,0.0,0.0,0.0,0.0
data/raw/Class2_norm/013_2.png,0,1,0,0,0.0,0.0,0.0,0.0,0.0
data/raw/Class2_norm/061_2.png,0,1,0,0,0.0,0.0,0.0,0.0,0.0
data/raw/Class2_def/043_2.png,0,1,0,1,0.12951171875,0.0297265625,0.5763943726841098,0.365234375,0.8203125
data/raw/Class1_norm/012_1.png,1,0,0,0,0.0,0.0,0.0,0.0,0.0
data/raw/Class1_def/117_1.png,1,0,0,1,0.07224609375,0.069765625,0.4379295721941608,0.10708984375,0.2532421875
data/raw/Class2_norm/116_2.png,0,1,0,0,0.0,0.0,0.0,0.0,0.0
data/raw/Class3_def/037_3.png,0,0,1,1,0.0833203125,0.0362109375,0.4076901330067007,0.47626953125,0.52419921875
data/raw/Class1_norm/029_1.png,1,0,0,0,0.0,0.0,0.0,0.0,0.0
data/raw/Class1_norm/129_1.png,1,0,0,0,0.0,0.0,0.0,0.0,0.0
data/raw/Class2_norm/129_2.png,0,1,0,0,0.0,0.0,0.0,0.0,0.0
data/raw/Class3_norm/018_3.png,0,0,1,0,0.0,0.0,0.0,0.0,0.0
data/raw/Class1_norm/011_1.png,1,0,0,0,0.0,0.0,0.0,0.0,0.0
data/raw/Class1_norm/082_1.png,1,0,0,0,0.0,0.0,0.0,0.0,0.0
data/raw/Class3_norm/114_3.png,0,0,1,0,0.0,0.0,0.0,0.0,0.0
data/raw/Class2_def/048_2.png,0,1,0,1,0.05978515625,0.029609375,0.4045070341448628,0.193359375,0.66015625
data/raw/Class3_norm/125_3.png,0,0,1,0,0.0,0.0,0.0,0.0,0.0
data/raw/Class2_norm/029_2.png,0,1,0,0,0.0,0.0,0.0,0.0,0.0
data/raw/Class3_norm/007_3.png,0,0,1,0,0.0,0.0,0.0,0.0,0.0
data/raw/Class3_def/045_3.png,0,0,1,1,0.0769921875,0.0281640625,0.4761267585362157,0.33822265625,0.2512890625
data/raw/Class1_norm/108_1.png,1,0,0,0,0.0,0.0,0.0,0.0,0.0
data/raw/Class1_def/080_1.png,1,0,0,1,0.086796875,0.0790625,0.5461549334966497,0.34193359375,0.558046875
data/raw/Class3_norm/129_3.png,0,0,1,0,0.0,0.0,0.0,0.0,0.0
data/raw/Class1_def/055_1.png,1,0,0,1,0.09728515625,0.07021484375,0.7769296009798979,0.2162890625,0.37810546875
data/raw/Class2_def/110_2.png,0,1,0,1,0.04671875,0.02166015625,0.5286478897565412,0.3203125,0.259765625
data/raw/Class2_def/105_2.png,0,1,0,1,0.1327734375,0.0303515625,0.39495773755934904,0.564453125,0.701171875
data/raw/Class1_def/033_1.png,1,0,0,1,0.151875,0.0940234375,0.7323662169141671,0.64435546875,0.2047265625
data/raw/Class3_def/094_3.png,0,0,1,1,0.0446484375,0.0348046875,0.33925350747718575,0.71173828125,0.74962890625
data/raw/Class1_norm/111_1.png,1,0,0,0,0.0,0.0,0.0,0.0,0.0
data/raw/Class1_def/113_1.png,1,0,0,1,0.09181640625,0.08599609375,0.6241408556116784,0.13978515625,0.63333984375
data/raw/Class1_norm/015_1.png,1,0,0,0,0.0,0.0,0.0,0.0,0.0
data/raw/Class2_norm/065_2.png,0,1,0,0,0.0,0.0,0.0,0.0,0.0
data/raw/Class3_def/007_3.png,0,0,1,1,0.09416015625,0.04548828125,0.21670420129642629,0.84994140625,0.731875
data/raw/Class3_norm/028_3.png,0,0,1,0,0.0,0.0,0.0,0.0,0.0
data/raw/Class2_norm/011_2.png,0,1,0,0,0.0,0.0,0.0,0.0,0.0
data/raw/Class3_def/111_3.png,0,0,1,1,0.08853515625,0.04494140625,0.6559718442300575,0.8622265625,0.4674609375
data/raw/Class1_norm/027_1.png,1,0,0,0,0.0,0.0,0.0,0.0,0.0
data/raw/Class2_def/062_2.png,0,1,0,1,0.044921875,0.02369140625,0.5190985931710275,0.587890625,0.4765625
data/raw/Class3_def/006_3.png,0,0,1,1,0.10169921875,0.03587890625,0.5795774715459476,0.6181640625,0.44072265625
data/raw/Class2_norm/035_2.png,0,1,0,0,0.0,0.0,0.0,0.0,0.0
data/raw/Class2_def/002_2.png,0,1,0,1,0.12423828125,0.0398046875,0.5493380323584875,0.794921875,0.19921875
data/raw/Class1_norm/1000_1.png,1,0,0,0,0.0,0.0,0.0,0.0,0.0
data/raw/Class3_def/046_3.png,0,0,1,1,0.09609375,0.071875,0.5986760647169751,0.77455078125,0.50357421875
data/raw/Class1_def/009_1.png,1,0,0,1,0.1232421875,0.07416015625,0.3408450569081047,0.2341015625,0.196015625
data/raw/Class1_norm/026_1.png,1,0,0,0,0.0,0.0,0.0,0.0,0.0
data/raw/Class2_def/041_2.png,0,1,0,1,0.1499609375,0.1005078125,0.6225493061807594,0.28515625,0.416015625
data/raw/Class1_norm/030_1.png,1,0,0,0,0.0,0.0,0.0,0.0,0.0
data/raw/Class3_norm/090_3.png,0,0,1,0,0.0,0.0,0.0,0.0,0.0
data/raw/Class2_def/045_2.png,0,1,0,1,0.12703125,0.025703125,0.4379295721941608,0.369140625,0.6953125
data/raw/Class3_norm/027_3.png,0,0,1,0,0.0,0.0,0.0,0.0,0.0
data/raw/Class1_def/026_1.png,1,0,0,1,0.15462890625,0.083828125,0.30423941999696874,0.38259765625,0.4902734375
data/raw/Class1_norm/050_1.png,1,0,0,0,0.0,0.0,0.0,0.0,0.0
data/raw/Class2_def/100_2.png,0,1,0,1,0.0615234375,0.0280859375,0.40291548471394384,0.291015625,0.48828125
data/raw/Class3_norm/139_3.png,0,0,1,0,0.0,0.0,0.0,0.0,0.0
data/raw/Class1_norm/039_1.png,1,0,0,0,0.0,0.0,0.0,0.0,0.0
data/raw/Class3_norm/037_3.png,0,0,1,0,0.0,0.0,0.0,0.0,0.0
data/raw/Class3_def/065_3.png,0,0,1,1,0.07234375,0.047421875,0.7275915686214103,0.30130859375,0.54720703125
data/raw/Class2_norm/099_2.png,0,1,0,0,0.0,0.0,0.0,0.0,0.0
data/raw/Class3_def/068_3.png,0,0,1,1,0.1212109375,0.032265625,0.5572957795130823,0.5176953125,0.73109375
data/raw/Class1_def/061_1.png,1,0,0,1,0.09048828125,0.0642578125,0.33288730975350994,0.10650390625,0.5424609375
data/raw/Class2_def/036_2.png,0,1,0,1,0.1348046875,0.0216796875,0.5509295817894064,0.25,0.673828125
data/raw/Class3_def/084_3.png,0,0,1,1,0.16185546875,0.05728515625,0.5318309886183791,0.239296875,0.242109375
data/raw/Class3_norm/044_3.png,0,0,1,0,0.0,0.0,0.0,0.0,0.0
data/raw/Class2_def/017_2.png,0,1,0,1,0.05396484375,0.02302734375,0.5381971863420549,0.294921875,0.27734375
data/raw/Class3_norm/013_3.png,0,0,1,0,0.0,0.0,0.0,0.0,0.0
data/raw/Class2_norm/010_2.png,0,1,0,0,0.0,0.0,0.0,0.0,0.0
data/raw/Class1_norm/038_1.png,1,0,0,0,0.0,0.0,0.0,0.0,0.0
data/raw/Class1_norm/067_1.png,1,0,0,0,0.0,0.0,0.0,0.0,0.0
data/raw/Class2_norm/056_2.png,0,1,0,0,0.0,0.0,0.0,0.0,0.0
data/raw/Class3_def/019_3.png,0,0,1,1,0.135078125,0.05802734375,0.22943659674377792,0.76966796875,0.75296875
data/raw/Class3_def/004_3.png,0,0,1,1,0.09759765625,0.054140625,0.39654928699026804,0.5126171875,0.4926953125
data/raw/Class2_norm/077_2.png,0,1,0,0,0.0,0.0,0.0,0.0,0.0
data/raw/Class3_norm/054_3.png,0,0,1,0,0.0,0.0,0.0,0.0,0.0
data/raw/Class1_norm/130_1.png,1,0,0,0,0.0,0.0,0.0,0.0,0.0
data/raw/Class2_norm/139_2.png,0,1,0,0,0.0,0.0,0.0,0.0,0.0
data/raw/Class3_norm/133_3.png,0,0,1,0,0.0,0.0,0.0,0.0,0.0
data/raw/Class1_norm/148_1.png,1,0,0,0,0.0,0.0,0.0,0.0,0.0
data/raw/Class2_def/056_2.png,0,1,0,1,0.11845703125,0.06130859375,0.6130000095952457,0.5859375,0.689453125
data/raw/Class1_def/029_1.png,1,0,0,1,0.11365234375,0.06677734375,0.5111408460164326,0.31484375,0.71580078125
data/raw/Class3_norm/002_3.png,0,0,1,0,0.0,0.0,0.0,0.0,0.0
data/raw/Class3_def/057_3.png,0,0,1,1,0.06525390625,0.02294921875,0.5238732414637843,0.45224609375,0.59771484375
data/raw/Class2_norm/025_2.png,0,1,0,0,0.0,0.0,0.0,0.0,0.0
data/raw/Class2_norm/078_2.png,0,1,0,0,0.0,0.0,0.0,0.0,0.0
data/raw/Class1_def/038_1.png,1,0,0,1,0.18728515625,0.13015625,0.7084929754503829,0.51296875,0.2848046875
data/raw/Class1_norm/149_1.png,1,0,0,0,0.0,0.0,0.0,0.0,0.0
data/raw/Class2_norm/063_2.png,0,1,0,0,0.0,0.0,0.0,0.0,0.0
data/raw/Class1_def/014_1.png,1,0,0,1,0.10154296875,0.06177734375,0.605042262440651,0.34673828125,0.2499609375
data/raw/Class1_norm/101_1.png,1,0,0,0,0.0,0.0,0.0,0.0,0.0
data/raw/Class3_def/114_3.png,0,0,1,1,0.10181640625,0.0634765625,0.4379295721941608,0.865,0.10435546875
data/raw/Class2_norm/137_2.png,0,1,0,0,0.0,0.0,0.0,0.0,0.0
data/raw/Class3_def/091_3.png,0,0,1,1,0.07171875,0.0436328125,0.603450713009732,0.4569921875,0.90130859375
data/raw/Class3_def/074_3.png,0,0,1,1,0.0735546875,0.03275390625,0.4952253517072432,0.2985546875,0.3751953125
data/raw/Class1_norm/076_1.png,1,0,0,0,0.0,0.0,0.0,0.0,0.0
data/raw/Class3_norm/033_3.png,0,0,1,0,0.0,0.0,0.0,0.0,0.0
data/raw/Class2_norm/076_2.png,0,1,0,0,0.0,0.0,0.0,0.0,0.0
data/raw/Class1_def/039_1.png,1,0,0,1,0.1191796875,0.073671875,0.42997182503956605,0.16732421875,0.75015625
data/raw/Class3_def/081_3.png,0,0,1,1,0.088125,0.0721484375,0.47771830796713466,0.58712890625,0.4719921875
data/raw/Class1_norm/147_1.png,1,0,0,0,0.0,0.0,0.0,0.0,0.0
data/raw/Class3_def/085_3.png,0,0,1,1,0.05548828125,0.02583984375,0.4936338022763242,0.64173828125,0.6424609375
data/raw/Class1_norm/024_1.png,1,0,0,0,0.0,0.0,0.0,0.0,0.0
data/raw/Class2_def/011_2.png,0,1,0,1,0.04490234375,0.0162890625,0.6018591635788131,0.74609375,0.267578125
data/raw/Class1_norm/113_1.png,1,0,0,0,0.0,0.0,0.0,0.0,0.0
data/raw/Class2_def/008_2.png,0,1,0,1,0.1169921875,0.0187890625,0.41564788016129545,0.748046875,0.396484375
data/raw/Class3_def/027_3.png,0,0,1,1,0.0669140625,0.0348828125,0.46180281365794507,0.76955078125,0.07435546875
data/raw/Class2_def/091_2.png,0,1,0,1,0.0527734375,0.02025390625,0.433154923901404,0.23828125,0.166015625
data/raw/Class3_norm/009_3.png,0,0,1,0,0.0,0.0,0.0,0.0,0.0
data/raw/Class3_def/076_3.png,0,0,1,1,0.0697265625,0.02705078125,0.3519859029245373,0.61548828125,0.66486328125
data/raw/Class3_def/120_3.png,0,0,1,1,0.08380859375,0.03630859375,0.5875352187005424,0.90728515625,0.813828125
data/raw/Class2_def/023_2.png,0,1,0,1,0.0973046875,0.0198046875,0.5222816920328653,0.5,0.43359375
data/raw/Class2_norm/028_2.png,0,1,0,0,0.0,0.0,0.0,0.0,0.0
data/raw/Class3_def/117_3.png,0,0,1,1,0.06013671875,0.03982421875,0.39814083642118697,0.121796875,0.59712890625
data/raw/Class3_norm/066_3.png,0,0,1,0,0.0,0.0,0.0,0.0,0.0
data/raw/Class3_def/056_3.png,0,0,1,1,0.11123046875,0.0298828125,0.5270563403256222,0.49107421875,0.18625
data/raw/Class3_def/032_3.png,0,0,1,1,0.102578125,0.05064453125,0.6941690305721123,0.7719140625,0.8599609375
data/raw/Class2_def/113_2.png,0,1,0,1,0.10416015625,0.02701171875,0.4697605608125399,0.73828125,0.4375
data/raw/Class1_norm/064_1.png,1,0,0,0,0.0,0.0,0.0,0.0,0.0
data/raw/Class1_def/068_1.png,1,0,0,1,0.112890625,0.08255859375,0.6830281845556797,0.49978515625,0.47146484375
data/raw/Class2_def/119_2.png,0,1,0,1,0.1508203125,0.0233203125,0.5875352187005424,0.65234375,0.376953125
data/raw/Class2_norm/070_2.png,0,1,0,0,0.0,0.0,0.0,0.0,0.0
data/raw/Class3_def/015_3.png,0,0,1,1,0.08955078125,0.03103515625,0.5047746482927569,0.74310546875,0.737578125
data/raw/Class1_def/011_1.png,1,0,0,1,0.12890625,0.088046875,0.5986760647169751,0.1396484375,0.136640625
data/raw/Class1_norm/059_1.png,1,0,0,0,0.0,0.0,0.0,0.0,0.0
data/raw/Class1_norm/003_1.png,1,0,0,0,0.0,0.0,0.0,0.0,0.0
data/raw/Class2_norm/059_2.png,0,1,0,0,0.0,0.0,0.0,0.0,0.0
data/raw/Class1_def/028_1.png,1,0,0,1,0.1495703125,0.1380078125,0.45225351707243144,0.1931640625,0.10181640625
data/raw/Class2_def/021_2.png,0,1,0,1,0.11755859375,0.021953125,0.4140563307303765,0.810546875,0.78125
data/raw/Class3_norm/092_3.png,0,0,1,0,0.0,0.0,0.0,0.0,0.0
data/raw/Class1_def/056_1.png,1,0,0,1,0.13970703125,0.06984375,0.3869999904047543,0.2779296875,0.20529296875
data/raw/Class2_norm/125_2.png,0,1,0,0,0.0,0.0,0.0,0.0,0.0
data/raw/Class3_norm/049_3.png,0,0,1,0,0.0,0.0,0.0,0.0,0.0
data/raw/Class1_norm/106_1.png,1,0,0,0,0.0,0.0,0.0,0.0,0.0
data/raw/Class2_def/051_2.png,0,1,0,1,0.14849609375,0.03919921875,0.466577461950702,0.78515625,0.83203125
data/raw/Class2_norm/049_2.png,0,1,0,0,0.0,0.0,0.0,0.0,0.0
data/raw/Class1_norm/018_1.png,1,0,0,0,0.0,0.0,0.0,0.0,0.0
data/raw/Class2_def/063_2.png,0,1,0,1,0.1345703125,0.02693359375,0.5222816920328653,0.501953125,0.5390625
data/raw/Class2_norm/131_2.png,0,1,0,0,0.0,0.0,0.0,0.0,0.0
data/raw/Class3_norm/053_3.png,0,0,1,0,0.0,0.0,0.0,0.0,0.0
data/raw/Class3_def/109_3.png,0,0,1,1,0.0729296875,0.06046875,0.5732112738222719,0.46544921875,0.53875
data/raw/Class3_def/080_3.png,0,0,1,1,0.1304296875,0.050546875,0.2549013876384812,0.76755859375,0.17421875
data/raw/Class1_def/083_1.png,1,0,0,1,0.1495703125,0.0848046875,0.6814366351247606,0.4376953125,0.53638671875
data/raw/Class3_norm/060_3.png,0,0,1,0,0.0,0.0,0.0,0.0,0.0
data/raw/Class2_norm/038_2.png,0,1,0,0,0.0,0.0,0.0,0.0,0.0
data/raw/Class2_norm/058_2.png,0,1,0,0,0.0,0.0,0.0,0.0,0.0
data/raw/Class2_norm/016_2.png,0,1,0,0,0.0,0.0,0.0,0.0,0.0
data/raw/Class1_def/101_1.png,1,0,0,1,0.1165625,0.11462890625,0.6145915590261646,0.10625,0.1790625
data/raw/Class3_def/040_3.png,0,0,1,1,0.0773828125,0.062265625,0.2676337830858328,0.8888671875,0.7080859375
data/raw/Class2_norm/119_2.png,0,1,0,0,0.0,0.0,0.0,0.0,0.0
data/raw/Class2_def/060_2.png,0,1,0,1,0.0958203125,0.02291015625,0.37745069381924057,0.630859375,0.4453125
data/raw/Class2_norm/138_2.png,0,1,0,0,0.0,0.0,0.0,0.0,0.0
data/raw/Class2_def/068_2.png,0,1,0,1,0.1313671875,0.0257421875,0.5318309886183791,0.37109375,0.52734375
data/raw/Class2_norm/101_2.png,0,1,0,0,0.0,0.0,0.0,0.0,0.0
data/raw/Class1_def/063_1.png,1,0,0,1,0.1280859375,0.0943359375,0.7450986123615189,0.18732421875,0.24126953125
data/raw/Class1_norm/037_1.png,1,0,0,0,0.0,0.0,0.0,0.0,0.0
data/raw/Class3_norm/095_3.png,0,0,1,0,0.0,0.0,0.0,0.0,0.0
data/raw/Class2_norm/147_2.png,0,1,0,0,0.0,0.0,0.0,0.0,0.0
data/raw/Class1_norm/020_1.png,1,0,0,0,0.0,0.0,0.0,0.0,0.0
data/raw/Class3_norm/011_3.png,0,0,1,0,0.0,0.0,0.0,0.0,0.0
data/raw/Class1_def/104_1.png,1,0,0,1,0.11705078125,0.09451171875,0.5318309886183791,0.19720703125,0.06236328125
data/raw/Class2_norm/117_2.png,0,1,0,0,0.0,0.0,0.0,0.0,0.0
data/raw/Class1_norm/112_1.png,1,0,0,0,0.0,0.0,0.0,0.0,0.0
data/raw/Class1_def/119_1.png,1,0,0,1,0.14861328125,0.08796875,0.7641972055325463,0.2201171875,0.3759375
data/raw/Class2_norm/141_2.png,0,1,0,0,0.0,0.0,0.0,0.0,0.0
data/raw/Class3_def/029_3.png,0,0,1,1,0.10830078125,0.03310546875,0.5859436692696235,0.700078125,0.26263671875
data/raw/Class2_norm/040_2.png,0,1,0,0,0.0,0.0,0.0,0.0,0.0
data/raw/Class2_norm/098_2.png,0,1,0,0,0.0,0.0,0.0,0.0,0.0
data/raw/Class1_norm/006_1.png,1,0,0,0,0.0,0.0,0.0,0.0,0.0
data/raw/Class1_def/114_1.png,1,0,0,1,0.09255859375,0.066015625,0.6655211408155711,0.38609375,0.19255859375
data/raw/Class2_def/009_2.png,0,1,0,1,0.08373046875,0.0362109375,0.5604788783749202,0.212890625,0.560546875
data/raw/Class1_norm/145_1.png,1,0,0,0,0.0,0.0,0.0,0.0,0.0
data/raw/Class1_def/022_1.png,1,0,0,1,0.17490234375,0.1689453125,0.27877462910226547,0.25103515625,0.66166015625
data/raw/Class2_norm/055_2.png,0,1,0,0,0.0,0.0,0.0,0.0,0.0
data/raw/Class3_def/021_3.png,0,0,1,1,0.181328125,0.0480859375,0.49840845056908106,0.617890625,0.60521484375
data/raw/Class3_def/113_3.png,0,0,1,1,0.09376953125,0.03845703125,0.4045070341448628,0.720390625,0.2270703125
data/raw/Class3_norm/098_3.png,0,0,1,0,0.0,0.0,0.0,0.0,0.0
data/raw/Class3_norm/017_3.png,0,0,1,0,0.0,0.0,0.0,0.0,0.0
data/raw/Class3_norm/132_3.png,0,0,1,0,0.0,0.0,0.0,0.0,0.0
data/raw/Class2_def/049_2.png,0,1,0,1,0.05099609375,0.01630859375,0.433154923901404,0.55078125,0.38671875
data/raw/Class1_def/084_1.png,1,0,0,1,0.08404296875,0.08111328125,0.36153519951005103,0.17900390625,0.1534375
data/raw/Class3_norm/063_3.png,0,0,1,0,0.0,0.0,0.0,0.0,0.0
data/raw/Class3_def/079_3.png,0,0,1,1,0.05041015625,0.03892578125,0.6384648004899489,0.1590625,0.63287109375
data/raw/Class3_def/059_3.png,0,0,1,1,0.06205078125,0.03009765625,0.48567605512172946,0.494296875,0.574375
data/raw/Class1_norm/127_1.png,1,0,0,0,0.0,0.0,0.0,0.0,0.0
data/raw/Class1_def/112_1.png,1,0,0,1,0.0720703125,0.06888671875,0.6066338118715698,0.29240234375,0.43611328125
data/raw/Class3_def/051_3.png,0,0,1,1,0.06658203125,0.0427734375,0.5413802852038928,0.14861328125,0.328671875
data/raw/Class3_def/013_3.png,0,0,1,1,0.12875,0.05423828125,0.47453520910529673,0.77298828125,0.06916015625
data/raw/Class3_norm/015_3.png,0,0,1,0,0.0,0.0,0.0,0.0,0.0
data/raw/Class3_norm/123_3.png,0,0,1,0,0.0,0.0,0.0,0.0,0.0
data/raw/Class3_norm/032_3.png,0,0,1,0,0.0,0.0,0.0,0.0,0.0
data/raw/Class1_def/103_1.png,1,0,0,1,0.12056640625,0.10439453125,0.4267887261777282,0.4562109375,0.66748046875
data/raw/Class3_norm/104_3.png,0,0,1,0,0.0,0.0,0.0,0.0,0.0
data/raw/Class1_def/025_1.png,1,0,0,1,0.0763671875,0.06763671875,0.1753239160925335,0.1295703125,0.430078125
data/raw/Class3_norm/069_3.png,0,0,1,0,0.0,0.0,0.0,0.0,0.0
data/raw/Class2_def/033_2.png,0,1,0,1,0.0553515625,0.02359375,0.42997182503956605,0.484375,0.576171875
data/raw/Class2_def/115_2.png,0,1,0,1,0.1368359375,0.0408984375,0.39018308926659223,0.751953125,0.76953125
data/raw/Class1_norm/043_1.png,1,0,0,0,0.0,0.0,0.0,0.0,0.0
data/raw/Class3_norm/089_3.png,0,0,1,0,0.0,0.0,0.0,0.0,0.0
data/raw/Class1_norm/117_1.png,1,0,0,0,0.0,0.0,0.0,0.0,0.0
data/raw/Class1_def/044_1.png,1,0,0,1,0.1028125,0.0962890625,0.6734788879701659,0.72556640625,0.55345703125
data/raw/Class2_norm/120_2.png,0,1,0,0,0.0,0.0,0.0,0.0,0.0
data/raw/Class3_norm/025_3.png,0,0,1,0,0.0,0.0,0.0,0.0,0.0
data/raw/Class2_def/044_2.png,0,1,0,1,0.1197265625,0.02072265625,0.5923098669932993,0.578125,0.216796875
data/raw/Class1_norm/001_1.png,1,0,0,0,0.0,0.0,0.0,0.0,0.0
data/raw/Class1_norm/010_1.png,1,0,0,0,0.0,0.0,0.0,0.0,0.0
data/raw/Class1_norm/056_1.png,1,0,0,0,0.0,0.0,0.0,0.0,0.0
data/raw/Class2_def/074_2.png,0,1,0,1,0.1140625,0.02205078125,0.5111408460164326,0.591796875,0.576171875
data/raw/Class3_def/053_3.png,0,0,1,1,0.06115234375,0.04064453125,0.48408450569081046,0.55763671875,0.6275
data/raw/Class1_def/006_1.png,1,0,0,1,0.12927734375,0.125234375,0.705309876588545,0.27935546875,0.6884375
data/raw/Class2_def/026_2.png,0,1,0,1,0.10802734375,0.01833984375,0.39495773755934904,0.34765625,0.259765625
data/raw/Class3_def/064_3.png,0,0,1,1,0.0751171875,0.04544921875,0.5063661977236759,0.64705078125,0.83109375
data/raw/Class3_norm/020_3.png,0,0,1,0,0.0,0.0,0.0,0.0,0.0
data/raw/Class3_norm/086_3.png,0,0,1,0,0.0,0.0,0.0,0.0,0.0
data/raw/Class1_def/107_1.png,1,0,0,1,0.128671875,0.056953125,0.43633802276324185,0.696328125,0.14701171875
data/raw/Class3_def/112_3.png,0,0,1,1,0.1697265625,0.05298828125,0.6543802947991384,0.2942578125,0.15263671875
data/raw/Class3_norm/134_3.png,0,0,1,0,0.0,0.0,0.0,0.0,0.0
data/raw/Class1_norm/019_1.png,1,0,0,0,0.0,0.0,0.0,0.0,0.0
data/raw/Class2_def/066_2.png,0,1,0,1,0.09392578125,0.01931640625,0.5238732414637843,0.4140625,0.6328125
data/raw/Class3_def/088_3.png,0,0,1,1,0.12806640625,0.06662109375,0.16736616893793876,0.43017578125,0.2236328125
data/raw/Class2_norm/037_2.png,0,1,0,0,0.0,0.0,0.0,0.0,0.0
data/raw/Class1_norm/087_1.png,1,0,0,0,0.0,0.0,0.0,0.0,0.0
data/raw/Class2_def/078_2.png,0,1,0,1,0.0587109375,0.02337890625,0.5190985931710275,0.294921875,0.779296875
data/raw/Class1_def/054_1.png,1,0,0,1,0.11900390625,0.10291015625,0.5748028232531908,0.512109375,0.2800390625
data/raw/Class1_norm/047_1.png,1,0,0,0,0.0,0.0,0.0,0.0,0.0
data/raw/Class2_norm/019_2.png,0,1,0,0,0.0,0.0,0.0,0.0,0.0
data/raw/Class3_def/020_3.png,0,0,1,1,0.074375,0.03998046875,0.21670420129642629,0.71849609375,0.72880859375
data/raw/Class2_norm/072_2.png,0,1,0,0,0.0,0.0,0.0,0.0,0.0
data/raw/Class3_norm/136_3.png,0,0,1,0,0.0,0.0,0.0,0.0,0.0
data/raw/Class3_def/069_3.png,0,0,1,1,0.07236328125,0.0209375,0.5779859221150287,0.36322265625,0.20060546875
data/raw/Class3_def/108_3.png,0,0,1,1,0.0866015625,0.0248828125,0.4474788687796745,0.66455078125,0.2778515625
data/raw/Class2_def/098_2.png,0,1,0,1,0.07328125,0.035703125,0.5827605704077856,0.5625,0.75390625
data/raw/Class2_def/103_2.png,0,1,0,1,0.16623046875,0.05017578125,0.5413802852038928,0.58203125,0.634765625
data/raw/Class2_norm/108_2.png,0,1,0,0,0.0,0.0,0.0,0.0,0.0
data/raw/Class1_norm/137_1.png,1,0,0,0,0.0,0.0,0.0,0.0,0.0
data/raw/Class3_norm/031_3.png,0,0,1,0,0.0,0.0,0.0,0.0,0.0
data/raw/Class3_norm/077_3.png,0,0,1,0,0.0,0.0,0.0,0.0,0.0
data/raw/Class1_def/005_1.png,1,0,0,1,0.14025390625,0.082265625,0.5986760647169751,0.29658203125,0.60947265625
data/raw/Class2_norm/009_2.png,0,1,0,0,0.0,0.0,0.0,0.0,0.0
data/raw/Class2_norm/031_2.png,0,1,0,0,0.0,0.0,0.0,0.0,0.0
data/raw/Class1_def/072_1.png,1,0,0,1,0.13201171875,0.10193359375,0.6623380419537331,0.145625,0.211796875
data/raw/Class1_norm/033_1.png,1,0,0,0,0.0,0.0,0.0,0.0,0.0
data/raw/Class2_norm/001_2.png,0,1,0,0,0.0,0.0,0.0,0.0,0.0
data/raw/Class2_norm/113_2.png,0,1,0,0,0.0,0.0,0.0,0.0,0.0
data/raw/Class1_norm/103_1.png,1,0,0,0,0.0,0.0,0.0,0.0,0.0
data/raw/Class3_norm/048_3.png,0,0,1,0,0.0,0.0,0.0,0.0,0.0
data/raw/Class1_def/102_1.png,1,0,0,1,0.16046875,0.11541015625,0.48408450569081046,0.2376171875,0.10421875
data/raw/Class1_def/091_1.png,1,0,0,1,0.1166015625,0.09634765625,0.39018308926659223,0.1158203125,0.0912890625
data/raw/Class3_norm/051_3.png,0,0,1,0,0.0,0.0,0.0,0.0,0.0
data/raw/Class1_def/067_1.png,1,0,0,1,0.13802734375,0.05576171875,0.49204225284540526,0.45169921875,0.363828125
data/raw/Class3_def/087_3.png,0,0,1,1,0.0797265625,0.03693359375,0.4395211216250798,0.28755859375,0.4025390625
data/raw/Class2_norm/064_2.png,0,1,0,0,0.0,0.0,0.0,0.0,0.0
data/raw/Class1_def/016_1.png,1,0,0,1,0.18546875,0.16349609375,0.4681690113816209,0.30578125,0.442421875
data/raw/Class2_norm/057_2.png,0,1,0,0,0.0,0.0,0.0,0.0,0.0
data/raw/Class3_def/115_3.png,0,0,1,1,0.15080078125,0.04498046875,0.5429718346348117,0.23822265625,0.53232421875
data/raw/Class1_def/093_1.png,1,0,0,1,0.17763671875,0.12498046875,0.25649293706940013,0.245546875,0.2745703125
data/raw/Class2_norm/105_2.png,0,1,0,0,0.0,0.0,0.0,0.0,0.0
data/raw/Class3_norm/112_3.png,0,0,1,0,0.0,0.0,0.0,0.0,0.0
data/raw/Class3_norm/029_3.png,0,0,1,0,0.0,0.0,0.0,0.0,0.0
data/raw/Class2_def/079_2.png,0,1,0,1,0.1375,0.04251953125,0.5907183175623804,0.505859375,0.484375
data/raw/Class2_def/014_2.png,0,1,0,1,0.1059765625,0.01888671875,0.5015915494309189,0.576171875,0.19921875
data/raw/Class3_norm/047_3.png,0,0,1,0,0.0,0.0,0.0,0.0,0.0
data/raw/Class3_norm/127_3.png,0,0,1,0,0.0,0.0,0.0,0.0,0.0
data/raw/Class2_def/116_2.png,0,1,0,1,0.13705078125,0.0193359375,0.49045070341448627,0.474609375,0.44140625
data/raw/Class3_def/110_3.png,0,0,1,1,0.10341796875,0.06056640625,0.8708310174041162,0.4980078125,0.5756640625
data/raw/Class2_def/038_2.png,0,1,0,1,0.05490234375,0.0299609375,0.5716197243913529,0.853515625,0.52734375
data/raw/Class3_norm/121_3.png,0,0,1,0,0.0,0.0,0.0,0.0,0.0
data/raw/Class1_def/021_1.png,1,0,0,1,0.08068359375,0.05953125,0.4092816824376197,0.1452734375,0.68681640625
data/raw/Class2_def/058_2.png,0,1,0,1,0.1342578125,0.040625,0.466577461950702,0.43359375,0.482421875
data/raw/Class1_def/010_1.png,1,0,0,1,0.1109375,0.07322265625,0.4936338022763242,0.1200390625,0.6633984375
data/raw/Class3_norm/074_3.png,0,0,1,0,0.0,0.0,0.0,0.0,0.0
data/raw/Class1_norm/049_1.png,1,0,0,0,0.0,0.0,0.0,0.0,0.0
data/raw/Class3_def/097_3.png,0,0,1,1,0.083671875,0.032890625,0.5015915494309189,0.7412890625,0.52716796875
data/raw/Class1_def/057_1.png,1,0,0,1,0.16587890625,0.1277734375,0.5732112738222719,0.39185546875,0.10357421875
data/raw/Class2_def/020_2.png,0,1,0,1,0.119921875,0.02208984375,0.5079577471545947,0.466796875,0.28515625
data/raw/Class3_def/034_3.png,0,0,1,1,0.08787109375,0.0675390625,0.25649293706940013,0.9109765625,0.3488671875
data/raw/Class1_norm/083_1.png,1,0,0,0,0.0,0.0,0.0,0.0,0.0
data/raw/Class3_norm/056_3.png,0,0,1,0,0.0,0.0,0.0,0.0,0.0
data/raw/Class1_norm/096_1.png,1,0,0,0,0.0,0.0,0.0,0.0,0.0
data/raw/Class3_norm/146_3.png,0,0,1,0,0.0,0.0,0.0,0.0,0.0
data/raw/Class1_norm/068_1.png,1,0,0,0,0.0,0.0,0.0,0.0,0.0
data/raw/Class2_def/039_2.png,0,1,0,1,0.14025390625,0.0225,0.45066196764151245,0.201171875,0.640625
data/raw/Class1_def/085_1.png,1,0,0,1,0.09728515625,0.0816796875,0.5748028232531908,0.06982421875,0.0758203125
data/raw/Class3_norm/122_3.png,0,0,1,0,0.0,0.0,0.0,0.0,0.0
data/raw/Class3_norm/081_3.png,0,0,1,0,0.0,0.0,0.0,0.0,0.0
data/raw/Class2_norm/052_2.png,0,1,0,0,0.0,0.0,0.0,0.0,0.0
data/raw/Class3_norm/058_3.png,0,0,1,0,0.0,0.0,0.0,0.0,0.0
data/raw/Class2_def/102_2.png,0,1,0,1,0.101015625,0.018671875,0.5254647908947033,0.328125,0.17578125
data/raw/Class1_norm/128_1.png,1,0,0,0,0.0,0.0,0.0,0.0,0.0
data/raw/Class1_norm/144_1.png,1,0,0,0,0.0,0.0,0.0,0.0,0.0
data/raw/Class3_norm/101_3.png,0,0,1,0,0.0,0.0,0.0,0.0,0.0
data/raw/Class2_norm/060_2.png,0,1,0,0,0.0,0.0,0.0,0.0,0.0
data/raw/Class2_norm/136_2.png,0,1,0,0,0.0,0.0,0.0,0.0,0.0
data/raw/Class1_def/049_1.png,1,0,0,1,0.1358984375,0.13341796875,0.48726760455264834,0.1701953125,0.333203125
data/raw/Class2_norm/118_2.png,0,1,0,0,0.0,0.0,0.0,0.0,0.0
data/raw/Class1_norm/091_1.png,1,0,0,0,0.0,0.0,0.0,0.0,0.0
data/raw/Class1_norm/042_1.png,1,0,0,0,0.0,0.0,0.0,0.0,0.0
data/raw/Class3_def/063_3.png,0,0,1,1,0.06541015625,0.0314453125,0.6305070533353542,0.48818359375,0.74103515625
data/raw/Class3_norm/038_3.png,0,0,1,0,0.0,0.0,0.0,0.0,0.0
data/raw/Class3_norm/116_3.png,0,0,1,0,0.0,0.0,0.0,0.0,0.0
data/raw/Class2_norm/085_2.png,0,1,0,0,0.0,0.0,0.0,0.0,0.0
data/raw/Class3_norm/067_3.png,0,0,1,0,0.0,0.0,0.0,0.0,0.0
data/raw/Class1_norm/054_1.png,1,0,0,0,0.0,0.0,0.0,0.0,0.0
data/raw/Class3_def/001_3.png,0,0,1,1,0.0768359375,0.0559765625,0.7976197435818443,0.39693359375,0.6208203125
data/raw/Class2_norm/094_2.png,0,1,0,0,0.0,0.0,0.0,0.0,0.0
data/raw/Class1_norm/080_1.png,1,0,0,0,0.0,0.0,0.0,0.0,0.0
data/raw/Class1_norm/052_1.png,1,0,0,0,0.0,0.0,0.0,0.0,0.0
data/raw/Class1_def/077_1.png,1,0,0,1,0.13982421875,0.07111328125,0.2994647717042119,0.41173828125,0.43677734375
data/raw/Class3_def/036_3.png,0,0,1,1,0.13255859375,0.04216796875,0.5,0.41560546875,0.545859375
data/raw/Class3_norm/039_3.png,0,0,1,0,0.0,0.0,0.0,0.0,0.0
data/raw/Class3_norm/041_3.png,0,0,1,0,0.0,0.0,0.0,0.0,0.0
data/raw/Class1_def/066_1.png,1,0,0,1,0.1616796875,0.0856640625,0.6480140970754626,0.22017578125,0.19609375
data/raw/Class1_def/086_1.png,1,0,0,1,0.12873046875,0.11845703125,0.4474788687796745,0.4950390625,0.46580078125
data/raw/Class2_def/071_2.png,0,1,0,1,0.13451171875,0.03279296875,0.5604788783749202,0.1953125,0.841796875
data/raw/Class2_def/108_2.png,0,1,0,1,0.16306640625,0.01705078125,0.5827605704077856,0.2109375,0.486328125
data/raw/Class3_def/024_3.png,0,0,1,1,0.04060546875,0.03912109375,0.43633802276324185,0.3641015625,0.23267578125
data/raw/Class1_def/108_1.png,1,0,0,1,0.09173828125,0.08072265625,0.7196338214668155,0.195234375,0.44166015625
data/raw/Class3_norm/014_3.png,0,0,1,0,0.0,0.0,0.0,0.0,0.0
data/raw/Class1_def/105_1.png,1,0,0,1,0.086796875,0.0697265625,0.7801126998417358,0.2877734375,0.595546875
data/raw/Class2_norm/083_2.png,0,1,0,0,0.0,0.0,0.0,0.0,0.0
data/raw/Class3_def/047_3.png,0,0,1,1,0.1298828125,0.07302734375,0.49840845056908106,0.2724609375,0.5849609375
data/raw/Class2_def/022_2.png,0,1,0,1,0.0900390625,0.02255859375,0.39177463869751117,0.4375,0.8203125
data/raw/Class2_norm/036_2.png,0,1,0,0,0.0,0.0,0.0,0.0,0.0
data/raw/Class3_def/106_3.png,0,0,1,1,0.069921875,0.039609375,0.4140563307303765,0.23791015625,0.905703125
data/raw/Class1_norm/063_1.png,1,0,0,0,0.0,0.0,0.0,0.0,0.0
data/raw/Class1_def/031_1.png,1,0,0,1,0.085234375,0.0652734375,0.6130000095952457,0.06875,0.277265625
data/raw/Class2_def/055_2.png,0,1,0,1,0.098125,0.0244140625,0.3869999904047543,0.771484375,0.658203125
data/raw/Class1_def/074_1.png,1,0,0,1,0.08794921875,0.08091796875,0.8167183367528718,0.223671875,0.63138671875
data/raw/Class2_def/093_2.png,0,1,0,1,0.12322265625,0.02765625,0.3869999904047543,0.5703125,0.4375
data/raw/Class2_def/028_2.png,0,1,0,1,0.147421875,0.02873046875,0.5381971863420549,0.35546875,0.818359375
data/raw/Class2_norm/097_2.png,0,1,0,0,0.0,0.0,0.0,0.0,0.0
data/raw/Class1_norm/134_1.png,1,0,0,0,0.0,0.0,0.0,0.0,0.0
data/raw/Class2_def/086_2.png,0,1,0,1,0.1226171875,0.058203125,0.5795774715459476,0.44140625,0.267578125
data/raw/Class1_def/012_1.png,1,0,0,1,0.13458984375,0.131328125,0.8835634128514678,0.59447265625,0.17791015625
data/raw/Class3_norm/061_3.png,0,0,1,0,0.0,0.0,0.0,0.0,0.0
data/raw/Class2_norm/140_2.png,0,1,0,0,0.0,0.0,0.0,0.0,0.0
data/raw/Class2_norm/033_2.png,0,1,0,0,0.0,0.0,0.0,0.0,0.0
data/raw/Class3_norm/065_3.png,0,0,1,0,0.0,0.0,0.0,0.0,0.0
data/raw/Class3_def/060_3.png,0,0,1,1,0.04326171875,0.03501953125,0.4140563307303765,0.2995703125,0.2663671875
data/raw/Class3_def/061_3.png,0,0,1,1,0.09197265625,0.04193359375,0.4602112642270262,0.196953125,0.4196875
data/raw/Class1_norm/005_1.png,1,0,0,0,0.0,0.0,0.0,0.0,0.0
data/raw/Class2_def/076_2.png,0,1,0,1,0.12923828125,0.01783203125,0.38859153983567324,0.732421875,0.724609375
data/raw/Class1_norm/045_1.png,1,0,0,0,0.0,0.0,0.0,0.0,0.0
data/raw/Class1_def/023_1.png,1,0,0,1,0.15734375,0.09103515625,0.4713521102434588,0.15216796875,0.09697265625
data/raw/Class1_def/019_1.png,1,0,0,1,0.1285546875,0.0560546875,0.38222534211199743,0.17234375,0.310234375
data/raw/Class3_def/026_3.png,0,0,1,1,0.06787109375,0.04271484375,0.4936338022763242,0.79267578125,0.308203125
data/raw/Class1_norm/135_1.png,1,0,0,0,0.0,0.0,0.0,0.0,0.0
data/raw/Class3_norm/130_3.png,0,0,1,0,0.0,0.0,0.0,0.0,0.0
data/raw/Class2_def/088_2.png,0,1,0,1,0.131640625,0.02447265625,0.6161831084570836,0.826171875,0.77734375
data/raw/Class3_def/070_3.png,0,0,1,1,0.05322265625,0.03607421875,0.6814366351247606,0.6043359375,0.2473046875
data/raw/Class3_def/098_3.png,0,0,1,1,0.09322265625,0.04501953125,0.4204225284540523,0.2621875,0.48736328125
data/raw/Class1_norm/072_1.png,1,0,0,0,0.0,0.0,0.0,0.0,0.0
data/raw/Class2_def/061_2.png,0,1,0,1,0.04859375,0.0193359375,0.5350140874802171,0.626953125,0.857421875
data/raw/Class1_def/015_1.png,1,0,0,1,0.07892578125,0.0709375,0.5318309886183791,0.17169921875,0.39923828125
data/raw/Class3_def/075_3.png,0,0,1,1,0.092109375,0.0684375,0.5175070437401085,0.90884765625,0.37111328125
data/raw/Class1_norm/016_1.png,1,0,0,0,0.0,0.0,0.0,0.0,0.0
data/raw/Class3_norm/094_3.png,0,0,1,0,0.0,0.0,0.0,0.0,0.0
data/raw/Class2_norm/067_2.png,0,1,0,0,0.0,0.0,0.0,0.0,0.0
data/raw/Class1_norm/075_1.png,1,0,0,0,0.0,0.0,0.0,0.0,0.0
data/raw/Class2_def/099_2.png,0,1,0,1,0.141640625,0.0246875,0.5620704278058392,0.328125,0.55078125
data/raw/Class3_def/100_3.png,0,0,1,1,0.0537890625,0.0332421875,0.4395211216250798,0.49859375,0.7013671875
data/raw/Class2_def/037_2.png,0,1,0,1,0.11587890625,0.0268359375,0.4458873193487556,0.5625,0.263671875
data/raw/Class3_norm/106_3.png,0,0,1,0,0.0,0.0,0.0,0.0,0.0
data/raw/Class3_def/089_3.png,0,0,1,1,0.09357421875,0.05111328125,0.5827605704077856,0.21525390625,0.13654296875
data/raw/Class1_norm/094_1.png,1,0,0,0,0.0,0.0,0.0,0.0,0.0
data/raw/Class1_def/081_1.png,1,0,0,1,0.1140234375,0.08578125,0.46339436308886406,0.171171875,0.63896484375
data/raw/Class2_norm/133_2.png,0,1,0,0,0.0,0.0,0.0,0.0,0.0
data/raw/Class1_def/094_1.png,1,0,0,1,0.09798828125,0.0791796875,0.4474788687796745,0.6349609375,0.14751953125
data/raw/Class3_norm/022_3.png,0,0,1,0,0.0,0.0,0.0,0.0,0.0
data/raw/Class2_def/083_2.png,0,1,0,1,0.05552734375,0.019453125,0.4458873193487556,0.17578125,0.828125
data/raw/Class1_norm/090_1.png,1,0,0,0,0.0,0.0,0.0,0.0,0.0
data/raw/Class2_def/101_2.png,0,1,0,1,0.1580078125,0.07615234375,0.37745069381924057,0.630859375,0.39453125
data/raw/Class3_norm/043_3.png,0,0,1,0,0.0,0.0,0.0,0.0,0.0
data/raw/Class2_def/084_2.png,0,1,0,1,0.141015625,0.00943359375,0.6114084601643268,0.82421875,0.482421875
data/raw/Class3_norm/083_3.png,0,0,1,0,0.0,0.0,0.0,0.0,0.0
data/raw/Class3_norm/109_3.png,0,0,1,0,0.0,0.0,0.0,0.0,0.0
data/raw/Class3_def/066_3.png,0,0,1,1,0.068125,0.03880859375,0.7466901617924377,0.2521484375,0.345390625
data/raw/Class1_norm/014_1.png,1,0,0,0,0.0,0.0,0.0,0.0,0.0
data/raw/Class1_def/004_1.png,1,0,0,1,0.12384765625,0.1048828125,0.738732414637843,0.4944140625,0.12857421875
data/raw/Class1_norm/078_1.png,1,0,0,0,0.0,0.0,0.0,0.0,0.0
data/raw/Class3_def/099_3.png,0,0,1,1,0.11740234375,0.08943359375,0.6734788879701659,0.77279296875,0.10642578125
data/raw/Class3_def/002_3.png,0,0,1,1,0.06185546875,0.03775390625,0.4713521102434588,0.61291015625,0.63162109375
data/raw/Class2_def/120_2.png,0,1,0,1,0.0551953125,0.02333984375,0.5907183175623804,0.2578125,0.251953125
data/raw/Class2_norm/051_2.png,0,1,0,0,0.0,0.0,0.0,0.0,0.0
data/raw/Class1_def/096_1.png,1,0,0,1,0.18271484375,0.1087109375,0.31060561772064454,0.44654296875,0.33396484375
data/raw/Class2_def/005_2.png,0,1,0,1,0.10044921875,0.02669921875,0.4411126710559987,0.40234375,0.412109375
data/raw/Class1_norm/122_1.png,1,0,0,0,0.0,0.0,0.0,0.0,0.0
data/raw/Class3_norm/064_3.png,0,0,1,0,0.0,0.0,0.0,0.0,0.0
data/raw/Class3_norm/045_3.png,0,0,1,0,0.0,0.0,0.0,0.0,0.0
data/raw/Class1_norm/055_1.png,1,0,0,0,0.0,0.0,0.0,0.0,0.0
data/raw/Class3_norm/096_3.png,0,0,1,0,0.0,0.0,0.0,0.0,0.0
data/raw/Class2_norm/090_2.png,0,1,0,0,0.0,0.0,0.0,0.0,0.0
data/raw/Class3_norm/057_3.png,0,0,1,0,0.0,0.0,0.0,0.0,0.0
data/raw/Class1_def/079_1.png,1,0,0,1,0.151875,0.09287109375,0.4602112642270262,0.31041015625,0.64490234375
data/raw/Class3_norm/072_3.png,0,0,1,0,0.0,0.0,0.0,0.0,0.0
data/raw/Class3_norm/120_3.png,0,0,1,0,0.0,0.0,0.0,0.0,0.0
data/raw/Class1_def/053_1.png,1,0,0,1,0.097109375,0.0916015625,0.6130000095952457,0.13591796875,0.60896484375
data/raw/Class1_norm/041_1.png,1,0,0,0,0.0,0.0,0.0,0.0,0.0
data/raw/Class1_def/041_1.png,1,0,0,1,0.102265625,0.0892578125,0.5907183175623804,0.3148828125,0.4959765625
data/raw/Class2_norm/106_2.png,0,1,0,0,0.0,0.0,0.0,0.0,0.0
data/raw/Class1_norm/074_1.png,1,0,0,0,0.0,0.0,0.0,0.0,0.0
data/raw/Class1_norm/009_1.png,1,0,0,0,0.0,0.0,0.0,0.0,0.0
data/raw/Class1_def/047_1.png,1,0,0,1,0.100078125,0.07619140625,0.8151267873219529,0.269140625,0.48763671875
data/raw/Class3_def/044_3.png,0,0,1,1,0.0981640625,0.061875,0.4347464733323229,0.46572265625,0.75857421875
data/raw/Class2_norm/007_2.png,0,1,0,0,0.0,0.0,0.0,0.0,0.0
data/raw/Class1_norm/123_1.png,1,0,0,0,0.0,0.0,0.0,0.0,0.0
data/raw/Class3_norm/070_3.png,0,0,1,0,0.0,0.0,0.0,0.0,0.0
data/raw/Class3_norm/021_3.png,0,0,1,0,0.0,0.0,0.0,0.0,0.0
data/raw/Class1_def/078_1.png,1,0,0,1,0.174765625,0.159296875,0.433154923901404,0.46580078125,0.473828125
data/raw/Class1_norm/125_1.png,1,0,0,0,0.0,0.0,0.0,0.0,0.0
data/raw/Class2_norm/115_2.png,0,1,0,0,0.0,0.0,0.0,0.0,0.0
